#,What is your email?,What is the artist's act name/alias?,For which aspect of the agency is the artist best suited?,Which country is this artist based in?,What type of act is the artist?,Other,What genre of music is the artist's main focus?,Do they have secondary and tertiary genres?,What genre of music is the artist's secondary focus?,What genre of music is the artist's tertiary focus?,What is the artist's email address?,Is the artist currently performing live?,Is the artist represented with management and/or a publisher?,Please provide details about this representation:,What are the artist's unique selling points?,Please provide a link that best showcases the artist:,Overall how would you rate this artist out of 10 in terms of talent and artistry?,Response Type,Start Date (UTC),Stage Date (UTC),Submit Date (UTC),Network ID,Tags
9aq1b7juzna29rl3bt9aq1b7j9crd7c4,daniel@evolvedmusicgroup.com,Lindsay Tatman,Top Line Facilitation,,Singer/Songwriter,,House,0,,,lindsay.tatman@gmail.com,0,0,,.,https://open.spotify.com/artist/2013QrcHYPD6SY5zennxqt?si=pvgCG4WwTIyuUm8ZY67vmA,9,completed,2024-01-13 14:12:10,,2024-01-13 14:12:50,f3977bb18b,
lyoabjdkxn80iq2ga5vlysj54j2vp7qv,daniel@evolvedmusicgroup.com,Veronica Pichardo,Top Line Facilitation,,Singer/Songwriter,,House,0,,,Verconicamngmt@gmail.com,0,1,management,.,https://open.spotify.com/artist/2pJzbbdclqku9nUuKXQQjQ?si=8WXrHi3MQcC9nWdoaf4R4w,8,completed,2024-01-13 14:11:28,,2024-01-13 14:12:06,f3977bb18b,
sp78o9wk59ppz69oksp78o9wrdvue7sm,daniel@evolvedmusicgroup.com,Margod,Top Line Facilitation,,Singer/Songwriter,,House,0,,,Margadofficial@mail.ru,0,0,,.,https://open.spotify.com/artist/0q9Rikyw58WDoqfQpp70kM?si=1w7alo6nRVCw6-O2XZOrEQ,9,completed,2024-01-13 14:08:46,,2024-01-13 14:11:24,f3977bb18b,
izbhj2nwcm0mhubrnfofkbizbhj2n3d9,daniel@evolvedmusicgroup.com,Janet Tung,Top Line Facilitation,,Singer/Songwriter,,Pop & Commercial,1,Electronic Dance Music,Pop & Commercial,janettung29@gmail.com,0,0,,.,https://open.spotify.com/artist/5GlnTa5AGHo9hhKuon69KB?si=ZtGwX3U7QhiBjdAOChTPzA,9,completed,2024-01-13 14:07:27,,2024-01-13 14:08:41,f3977bb18b,
h6799hhe0yp4rth6799hg284mj2bb842,daniel@evolvedmusicgroup.com,Elise Lieberth,Top Line Facilitation,,Singer/Songwriter,,House,0,,,eliselieberthmusic@gmail.com,0,0,,.,https://open.spotify.com/artist/42hdUVfhzUs7dZWafzvJ7e?si=a5v8OQe7ToemJpW0eljKUA,9,completed,2024-01-13 14:04:56,,2024-01-13 14:06:43,f3977bb18b,
ahz5ekba5kz7c7ahz5y721y2ua82u8qk,daniel@evolvedmusicgroup.com,Alaina Cross,Top Line Facilitation,,Singer/Songwriter,,House,0,,,alainacrossmusic@gmail.com,0,0,,.,https://open.spotify.com/artist/0jlGRdZB3lcogSl6nuojI5?si=tqu2TcmGTr6GT0vbY2bbWg,9,completed,2024-01-13 14:04:01,,2024-01-13 14:04:45,657e25a6b4,
0mlc2ptm9cqzirtgi2nrr0mlct2ln8g5,daniel@evolvedmusicgroup.com,Polina Vita,Top Line Facilitation,,Singer/Songwriter,,House,0,,,polina.vita@palmboatmusic.com,0,0,,.,https://open.spotify.com/artist/66uT5tPq9g2tO0qD43xCYq?si=u2CdXH6pS9ucBJuWSOTXEQ,9,completed,2024-01-13 14:03:15,,2024-01-13 14:03:56,657e25a6b4,
zf5ekrki02p7bpezzf5ekr0pnphwzn68,daniel@evolvedmusicgroup.com,SANDMO,Top Line Facilitation,,Singer/Songwriter,,House,0,,,sandmomusic@hotmail.com,0,0,,.,https://open.spotify.com/artist/6s4D1tHXN2nIoywKMPR8UF?si=N1ssnfirRTa0LkWSuqLiNw,8,completed,2024-01-13 14:02:34,,2024-01-13 14:03:09,657e25a6b4,
ydxxil0eth09ays8ydxxiivj6wazma8k,daniel@evolvedmusicgroup.com,Cate,Top Line Facilitation,,Singer/Songwriter,,Pop & Commercial,0,,,catecanning@gmail.com,0,0,,.,https://open.spotify.com/artist/7D25zMq1tDmT0nfh6ieYph?si=fnDRd3ZZQnmhfcM4VGBkOQ,9,completed,2024-01-13 14:01:55,,2024-01-13 14:02:28,657e25a6b4,
7zaga0o17uco52ra67zaga0znrkw7x1v,daniel@evolvedmusicgroup.com,Lily Kincade,Top Line Facilitation,,Singer/Songwriter,,House,0,,,eg@eshygazit.com,0,0,,.,https://open.spotify.com/artist/0NODVk6hwl48KNw9cfeT3c?si=yBLRG6D4Rv2gs9b6VOs_ig,9,completed,2024-01-13 14:01:17,,2024-01-13 14:01:50,657e25a6b4,
ym6wnkl5lshm1ig8kb1ppym6wnkl52wh,daniel@evolvedmusicgroup.com,Riley Biederer,Top Line Facilitation,,Singer/Songwriter,,Alt Pop,0,,,rileyab@yahoo.com,0,0,,.,https://open.spotify.com/artist/31bkN7gszM3TNGZrpTa2tR?si=yMu4aKsgSGGm-QdmfRgX-Q,9,completed,2024-01-13 14:00:30,,2024-01-13 14:01:11,657e25a6b4,
ohxdgjuigzoyup9j9g5ohxd34mc9j3id,daniel@evolvedmusicgroup.com,Eva Vinjor,Top Line Facilitation,,Singer/Songwriter,,House,0,,,evavinjor@gmail.com,0,0,,.,https://open.spotify.com/artist/1qw47pHkgC9PbqlO0Qevgj?si=9a6iaSk0R9KkKNHkASp4nA,9,completed,2024-01-13 13:58:32,,2024-01-13 13:59:16,657e25a6b4,
iysmnxheym552yx3yun1tvjiysmnxi0n,daniel@evolvedmusicgroup.com,Agnes Cecilia,Top Line Facilitation,,Singer/Songwriter,,House,0,,,agnesceciliamusic@gmail.com,0,0,,.,https://open.spotify.com/artist/73Hou6ie31SXG8xTIs7YfE?si=AIWz8ov9ThefAoqNQ13ANQ,8,completed,2024-01-13 13:57:46,,2024-01-13 13:58:23,657e25a6b4,
c9gl077k45yjiioli0c9gl077li0rk9c,daniel@evolvedmusicgroup.com,Laura-Mae,Top Line Facilitation,,Singer/Songwriter,,House,0,,,admin@laura-mae.co.nz,0,0,,.,https://open.spotify.com/artist/0FeyNnYDFQhNxohizzTW84?si=uaHD_fM4SfCNRBaFcbD4xA,9,completed,2024-01-13 13:53:34,,2024-01-13 13:56:55,657e25a6b4,
suaxbch44esvj1p5dj8suaxbcuoq9xbn,daniel@evolvedmusicgroup.com,Harper Grae,Top Line Facilitation,,Singer/Songwriter,,Ballad/Pop,0,,,harper@harpergraemusic.com,0,0,,.,https://open.spotify.com/artist/0DLNCN6QeRGiexrWwYUnMr?si=_4kgNLTLRxeYkXqQTwCPcw,9,completed,2024-01-13 13:52:45,,2024-01-13 13:53:27,657e25a6b4,
wa7mqfj1q57o1cpbwa7mqf571qf32141,daniel@evolvedmusicgroup.com,Nikitia Karmen,Top Line Facilitation,,Singer/Songwriter,,Ballad,0,,,nikitaking@live.com,0,0,,.,https://open.spotify.com/artist/4nqXJm2HDxew6vauRbyUAM?si=knsS6qI6Rz-kSp5V_XUz_g,9,completed,2024-01-13 13:52:16,,2024-01-13 13:52:33,657e25a6b4,
10ehzcpfsx17zsh0g6unke10ehzcpfxw,daniel@evolvedmusicgroup.com,Nikitia Karmen,Top Line Facilitation,,Singer/Songwriter,,Ballad,0,,,nikitaking@live.com,0,0,,.,https://open.spotify.com/artist/4nqXJm2HDxew6vauRbyUAM?si=knsS6qI6Rz-kSp5V_XUz_g,9,completed,2024-01-13 13:49:12,,2024-01-13 13:52:13,657e25a6b4,
tk41hjy1wb7jcyb6au36utk41hjy1uk3,daniel@evolvedmusicgroup.com,Lena Stone,Top Line Facilitation,,Singer/Songwriter,,Ballad,0,,,lenac@lenastone.com,0,0,,.,https://open.spotify.com/artist/4povL23A9IkoiWKv9KHhkx?si=16asNOpQQuaFiPejXC7flA,9,completed,2024-01-13 13:48:20,,2024-01-13 13:49:05,657e25a6b4,
qta322amkyy31pp0mep1aqta32wphr8j,daniel@evolvedmusicgroup.com,Kalie Shorr,Top Line Facilitation,,Singer/Songwriter,,Alt Pop,0,,,Todd@casseytyent.com,0,0,,.,https://open.spotify.com/artist/5l2O3KSyCkTtjwcTLixHi5?si=tJiL0TftShGhvO8wrzVM-Q,9,completed,2024-01-13 13:47:36,,2024-01-13 13:48:12,657e25a6b4,
umgug7yi6zlcx8e9u7umguge9hlb3l4o,daniel@evolvedmusicgroup.com,Riley Roth,Top Line Facilitation,,Singer/Songwriter,,Alt Pop,0,,,info@rileyroth.com,0,0,,.,https://open.spotify.com/artist/7DFV3Usu1Jrcyn45Kx31Bc?si=L5_UU1QiQ2yYKXzx26JYUQ,9,completed,2024-01-13 13:46:55,,2024-01-13 13:47:29,657e25a6b4,
zuadw2s5teozuan7t5a4sixldomdn7t7,daniel@evolvedmusicgroup.com,katie MAC,Top Line Facilitation,,Singer/Songwriter,,Alt Pop,0,,,katiemacmusic@gmail.com,0,0,,.,https://open.spotify.com/artist/3I45RGfCr3OBo6zMFhU7y5?si=odFYrxPMQxqEzsPcHQ1iOA,9,completed,2024-01-13 13:46:09,,2024-01-13 13:46:50,657e25a6b4,
tv8cw4uvugch33tvyc9rk8yv9bkbziuy,daniel@evolvedmusicgroup.com,WRENN,Top Line Facilitation,,Singer/Songwriter,,Alt Pop,0,,,wrenn@wrennmusic.com,0,0,,.,https://open.spotify.com/artist/1mUvCFjlnNilmIebNqKYo8?si=pWXyLofzRJaptAwne018Fg,9,completed,2024-01-13 13:45:29,,2024-01-13 13:46:01,657e25a6b4,
idu7q9k995swxrg5hidul0mpbkuqhowp,daniel@evolvedmusicgroup.com,Kaylee Federmann,Top Line Facilitation,,Singer/Songwriter,,Pop & Commercial,0,,,kayleefedermann.booking@gmail.com,0,0,,.,https://open.spotify.com/artist/7jB0NZ1IvNO3vkpVXOZs95?si=RvNGO8AeSLGJhlTIIoplZg,8,completed,2024-01-13 13:44:42,,2024-01-13 13:45:21,657e25a6b4,
tecybzx2j2q75lsbwk4xtecybzafcftu,daniel@evolvedmusicgroup.com,Rachel Bochner,Top Line Facilitation,,Singer/Songwriter,,Alt Pop,0,,,rachelbochnermusic@gmail.com,0,0,,.,https://open.spotify.com/artist/6AdwNKE3DsPrlNNCIzdZXz?si=QDwRJ88fS7SPQ9zw7MFfUQ,9,completed,2024-01-13 13:43:32,,2024-01-13 13:44:31,657e25a6b4,
yvc1dnv2mrru8fdxxj9yvceilk6etxod,daniel@evolvedmusicgroup.com,Cassidy Mackenzie,Top Line Facilitation,,Singer/Songwriter,,Pop & Commercial,1,House,Pop & Commercial,cassidymackenziemusic@gmail.com,0,0,,.,https://open.spotify.com/artist/14JXusVq6FDp6vumZJWxd9?si=OVzAEOLQRn-7N2bUat3rOw,9,completed,2024-01-12 14:24:43,,2024-01-12 14:25:30,622e3d8b1e,
5dmkx3mtpngf8efx0y5dmkx3mtvifaey,daniel@evolvedmusicgroup.com,Iselin Leine,Top Line Facilitation,,Singer/Songwriter,,House,0,,,Iselin.leine@gmail.com,0,0,,.,https://open.spotify.com/artist/2FwZwk17r0EA97FYyTHhiT?si=M9UFV3_ZQMWYhrGHKHh2sA,9,completed,2024-01-12 14:23:40,,2024-01-12 14:24:34,622e3d8b1e,
0zarjp3a6o2r02uycss40zarjp4is3hv,daniel@evolvedmusicgroup.com,Daniela Vecchia,Top Line Facilitation,,Singer/Songwriter,,Ballad/Pop,0,,,dani.vecchia@gmail.com,0,0,,.,https://open.spotify.com/artist/2RmULtlnMKGWCDXPxkNK4z?si=7gMBLLA-TXGWdcYCz4IiBg,9,completed,2024-01-12 14:22:48,,2024-01-12 14:23:31,622e3d8b1e,
vzw7y84lqkagvzw7yukwzs41slwae8uk,daniel@evolvedmusicgroup.com,Lou Elliotte,Top Line Facilitation,,Singer/Songwriter,,Pop & Commercial,0,,,elliottelou@gmail.com,0,0,,.,https://open.spotify.com/artist/03UTtO2Zq2GKk4gQRY9zq6?si=7SZRO0zET7-bGk3bnMnXyQ,9,completed,2024-01-12 14:21:41,,2024-01-12 14:22:38,622e3d8b1e,
v2l05ek0137qyey3jv2l05e8mk4wkzhx,daniel@evolvedmusicgroup.com,Jordan Astra,Top Line Facilitation,,Singer/Songwriter,,Pop & Commercial,0,,,contact@jordanastra.com,0,0,,.,https://open.spotify.com/artist/0nTUhCTsVt89nR1U5Ysub7?si=Zb_WnJ4fTIOROSQnDqqO0Q,9,completed,2024-01-12 14:20:00,,2024-01-12 14:21:37,622e3d8b1e,
pd37xyn77zew3sxbpd37xlvv5nq000ji,daniel@evolvedmusicgroup.com,Beenie May,Top Line Facilitation,,Singer/Songwriter,,House,0,,,kelvin@milanamay.com,0,0,,.,https://open.spotify.com/artist/7JBseoLXZTWzLbQxzRJg4t?si=wMxwEf1BR6arlWqRAflyDA,9,completed,2024-01-12 14:18:48,,2024-01-12 14:19:23,622e3d8b1e,
bq4ue4fio4g49l73vebgbq442ciwb7ku,daniel@evolvedmusicgroup.com,Ryan Waczek,Top Line Facilitation,,Singer/Songwriter,,House,0,,,info@ryanwaczek.com,0,0,,.,https://open.spotify.com/artist/2YNJbuJ0CZvGdJWXVQEUdc?si=ctaSenNkQ0WY9IjJyHo4SQ,10,completed,2024-01-12 14:17:53,,2024-01-12 14:18:42,622e3d8b1e,
cpwbblocqg72u0pogcpwbey77sn27wuj,daniel@evolvedmusicgroup.com,Rory Hope,Top Line Facilitation,,Singer/Songwriter,,House,0,,,roryhopeofficial@gmail.com,0,0,,.,https://open.spotify.com/artist/147kOGOemXIO7HPzrwoYSC?si=D7C8Q-w7SjC5KyH_YLgfng,9,completed,2024-01-12 14:17:10,,2024-01-12 14:17:47,622e3d8b1e,
3k3p3p0eay4uvas6t3pw3k3p3p3b3y7r,daniel@evolvedmusicgroup.com,Linney,Top Line Facilitation,,Singer/Songwriter,,House,0,,,jeff@voxstop.com,0,0,,.,https://open.spotify.com/artist/0vomb9Zaob10lPzxBcIiNb?si=H5ggub61RqOdG6ymM9wjLA,8,completed,2024-01-12 14:15:54,,2024-01-12 14:17:03,622e3d8b1e,
tyqgputknc2ahvm6yvtyqgpuysjhyos4,daniel@evolvedmusicgroup.com,Joel Winterflood,Top Line Facilitation,,Singer/Songwriter,,House,0,,,joelwinterfloodmusic@gmail.com,0,0,,",",https://open.spotify.com/artist/6SW28suhyCreYrl00Amk36?si=TzPW2hiKSYCb0qWGiXNElw,9,completed,2024-01-12 14:14:54,,2024-01-12 14:15:28,622e3d8b1e,
8ol9pvc5fatyv9e8ol9rhg0fb9b9nu38,daniel@evolvedmusicgroup.com,FRIDA,Top Line Facilitation,,Singer/Songwriter,,House,0,,,fridaabusiness@gmail.com,1,0,,.,https://open.spotify.com/track/5AVJVm1ByFyrzbLITKisOU?si=cb6acb578fba436d,9,completed,2024-01-12 14:13:33,,2024-01-12 14:14:29,622e3d8b1e,
xldb50iy4afgtjq6wxldb89ywfh5ik6h,daniel@evolvedmusicgroup.com,Journey Montana,Top Line Facilitation,,Singer/Songwriter,,RnB,0,,,journeymontana.b@gmail.com,0,0,,.,https://open.spotify.com/track/4glIWlSYP3CkQxIACqIl0A?si=da12d23d71214526,9,completed,2024-01-12 14:12:50,,2024-01-12 14:13:28,622e3d8b1e,
y8ewi0uphp89yettqkacy8ewi0upse35,daniel@evolvedmusicgroup.com,John Concepcion,Top Line Facilitation,,Singer/Songwriter,,RnB,0,,,johnkconcepcion1@gmail.com,0,0,,.,https://open.spotify.com/artist/5mqw4f8V3r2PBVKCKAkqiY?si=SxYi880BRAC4G7_Cr8ziDA,9,completed,2024-01-12 14:12:03,,2024-01-12 14:12:45,622e3d8b1e,
ol3p5fy19biii8ool3p5j10b0pvk1awv,daniel@evolvedmusicgroup.com,Jewel Chang,Top Line Facilitation,,Singer/Songwriter,,RnB,0,,,info@jewelchangmusic.com,0,0,,.,https://open.spotify.com/album/4YGpc2cIIQkN2Vmw3ZitsH?si=Ep64zUfhRSKHOwDKQ9YxoQ,9,completed,2024-01-12 14:11:24,,2024-01-12 14:11:58,622e3d8b1e,
6ch7p87r0jvldssu26ch7p8nza6rgf6f,daniel@evolvedmusicgroup.com,Tai Mystique,Top Line Facilitation,,Singer/Songwriter,,RnB,0,,,tai.mistyque@gmail.com,0,0,,.,https://open.spotify.com/track/7BVfrRVTf8nay4iZbe3oN4?si=fd1369338046411f,9,completed,2024-01-12 14:10:40,,2024-01-12 14:11:20,622e3d8b1e,
2ohqbwic1i2yyyjv3x42ohqbymhi8mmq,daniel@evolvedmusicgroup.com,Nicholas,Top Line Facilitation,,Singer/Songwriter,,RnB,0,,,Nick6784@gmail.com,0,0,,.,https://open.spotify.com/track/3Wsf2GbGuRufxGYvYoPjc3?si=e1ec686f0c074a99,8,completed,2024-01-12 14:09:45,,2024-01-12 14:10:34,622e3d8b1e,
gz2ulh49y83v0fvyx3a95gz2ul7p04yp,daniel@evolvedmusicgroup.com,Yasmin Ray,Top Line Facilitation,,Singer/Songwriter,,RnB,0,,,hello@yasminray.com,1,0,,.,https://open.spotify.com/artist/5rx7cWKn4Q6yBifqeBIzS7?si=81CwPJWyTGKbIolmKnxRiQ,9,completed,2024-01-12 14:08:15,,2024-01-12 14:09:40,622e3d8b1e,
83xt3wb5012mwhm29ywtgq83xt3wrgbz,daniel@evolvedmusicgroup.com,Allyn,Top Line Facilitation,,Singer/Songwriter,,RnB,0,,,needallyn@gmail.com,1,0,,.,https://open.spotify.com/track/72FQ3tLf2cYwr6hu58gVAi?si=a72ecbdb74e445ee,8,completed,2024-01-12 14:07:31,,2024-01-12 14:08:10,622e3d8b1e,
h6rupckio709br5fm31o9h6rup3rqswv,daniel@evolvedmusicgroup.com,Catch24,Top Line Facilitation,,Singer/Songwriter,,RnB,0,,,realcatch24@gmail.com,1,0,,.,https://open.spotify.com/track/0xaBrA76fjEjMbhScsTAT9?si=044b010e3fac4051,10,completed,2024-01-12 14:06:43,,2024-01-12 14:07:25,622e3d8b1e,
wcx9l5uvrbtqqfwcxrjuogsr2ikjwdhn,daniel@evolvedmusicgroup.com,Twelly,Top Line Facilitation,,Singer/Songwriter,,RnB,1,Alt Pop,RnB,Twellymusic@gmail.com,1,0,,.,https://open.spotify.com/track/6G0h5V9eATtM5UhIOxrOxc?si=d1a18fc88dc7430a,9,completed,2024-01-12 14:05:37,,2024-01-12 14:06:34,622e3d8b1e,
m37qat84z2lhpfdum37ljqbl0kphbdgm,daniel@evolvedmusicgroup.com,Sarah,Top Line Facilitation,,Singer/Songwriter,,RnB,0,,,contactyarah@gmail.com,1,0,,.,https://open.spotify.com/track/0Fpo1vWzsMCgcxcWIjl6pS?si=69a0608a814d43d4,8,completed,2024-01-12 14:04:47,,2024-01-12 14:05:31,622e3d8b1e,
ip8k6rnfnc47wf60ip8k6rf733pnwi6s,daniel@evolvedmusicgroup.com,Angelic Montero,Top Line Facilitation,,Singer/Songwriter,,RnB,0,,,info.thisisangelic@gmail.com,1,0,,.,https://open.spotify.com/track/6tGkco68ZrLSjAicySWp3u?si=9f3a5be0d78a40a8,9,completed,2024-01-12 14:03:52,,2024-01-12 14:04:39,622e3d8b1e,
4wo7cs3x16fhkhx4i4wjnbztim4tn2ls,daniel@evolvedmusicgroup.com,Ley Vara,Top Line Facilitation,,Singer/Songwriter,,RnB,0,,,leyvara.booking@gmail.com,1,0,,.,https://open.spotify.com/track/5xpVVhrvvtpJuBBtiUDHMl?si=9e3e58611970423c,9,completed,2024-01-12 14:02:57,,2024-01-12 14:03:46,622e3d8b1e,
7j6pim4c6crrsow0hf1hwfv37j6pim0w,daniel@evolvedmusicgroup.com,Sim,Top Line Facilitation,,Singer/Songwriter,,RnB,0,,,simwavyyy@gmail.com,1,0,,.,https://open.spotify.com/track/118UxU1qJXIKhff4xf0Ipz?si=4dd3ad8f05f64b6b,9,completed,2024-01-12 14:02:07,,2024-01-12 14:02:50,622e3d8b1e,
8ia2c34u6tpxdta8iau7a1e3obhmbkoi,daniel@evolvedmusicgroup.com,Ziya,Top Line Facilitation,,Singer/Songwriter,,RnB,0,,,ziya.booking@gmail.com,1,0,,.,https://open.spotify.com/track/5li1frz9ckH9gZutRGlxMb?si=cf5e98e9de584359,9,completed,2024-01-12 14:00:22,,2024-01-12 14:02:02,622e3d8b1e,
hut6uynjhn0190kvr2b42fhut6uykn7k,daniel@evolvedmusicgroup.com,Kiyomi,Top Line Facilitation,,Singer/Songwriter,,RnB,1,Alt Pop,RnB,kiyomiworldwide@gmail.com,1,0,,.,https://open.spotify.com/track/0r5EWUPLKCFBRSoZBX2Z5G?si=b5564ca3620c4147,8,completed,2024-01-12 13:58:53,,2024-01-12 13:59:57,622e3d8b1e,
je5rkztem0ivnje8r2xwjuwwrmteb88r,daniel@evolvedmusicgroup.com,Jereena Montemayor,Top Line Facilitation,,Singer/Songwriter,,RnB,0,,,jereenalynn@gmail.com,1,0,,.,https://open.spotify.com/artist/45iYm4bGYfT8nY4RxNBhlr?si=45fURUgAT02BiR3bFPeQaQ,9,completed,2024-01-12 13:57:46,,2024-01-12 13:58:46,622e3d8b1e,
hxr2o9s96l6nxebuojhxr2ycooyqzwmn,daniel@evolvedmusicgroup.com,Tessie,Top Line Facilitation,,Singer/Songwriter,,RnB,0,,,tessiemgmt@gmail.com,0,1,management,.,https://open.spotify.com/artist/6f9HZnIVnbEfyUaHRD6lzC?si=1RkLiLYRRWiyxRNSRGwMQg,9,completed,2024-01-12 13:57:04,,2024-01-12 13:57:35,622e3d8b1e,
2ai6egtmvq6ldd9w2aivresmlts91zsp,daniel@evolvedmusicgroup.com,Ouida,Top Line Facilitation,USa,Singer/Songwriter,,RnB,1,Ballad,RnB,mgmt@ouidamusic.com,1,1,management,.,https://open.spotify.com/artist/6BbBYp4T9YMEyy33yIPTkC?si=8fSSPRAHQa6XDhvEsR3ZSg,8,completed,2024-01-12 13:00:20,,2024-01-12 13:01:15,fc756b747a,
cmwaabj1afs07z4b5fu1ntcmwaabjkcp,daniel@evolvedmusicgroup.com,Rodel Smooth,Top Line Facilitation,USA,Singer/Songwriter,,RnB,0,,,rodelsmooth@gmail.com,1,0,,.,https://open.spotify.com/artist/6w4KMjc1bIsccDT8Giomq0?si=lCtD9105RPWaNgz4-ccU0A,9,completed,2024-01-12 12:59:33,,2024-01-12 13:00:15,fc756b747a,
o3l2c444ydvsucypo3l2khsbujnlkmni,daniel@evolvedmusicgroup.com,Ysabelle,Top Line Facilitation,USA,Singer/Songwriter,,RnB,0,,,muvetalent@gmail.com,0,1,management,.,https://open.spotify.com/artist/6dNoiei43MgIz6y3h4nyGE?si=MUsg70dNQji2CUvLobbU1w,9,completed,2024-01-12 12:58:45,,2024-01-12 12:59:28,fc756b747a,
ulgb7sesdjjhcmiliulgb7hcrda26kll,daniel@evolvedmusicgroup.com,Drea Rose,Top Line Facilitation,US,Singer/Songwriter,,RnB,0,,,Drearosemusic@gmail.com,0,0,,.,https://open.spotify.com/artist/5bnrW5YIWMf505sF5WmJ06?si=yB4BGgWfQ8-lwzxd-mNzzg,9,completed,2024-01-12 12:58:02,,2024-01-12 12:58:40,fc756b747a,
gqo0ref0b0tagos0wngqo0r1y09tlec7,daniel@evolvedmusicgroup.com,Jenn Clemena,Top Line Facilitation,,Singer/Songwriter,,RnB,0,,,jennclemenamusic@gmail.com,1,0,,.,https://open.spotify.com/artist/54mfqclCKJS9aFM7i48SjZ?si=m-9Tarp4SCKEcaOGb_utjQ,9,completed,2024-01-12 12:57:16,,2024-01-12 12:57:56,fc756b747a,
ikdqup9gcjyau1g0ikdc01frmsk8hut9,daniel@evolvedmusicgroup.com,DRIIA,Top Line Facilitation,,Singer/Songwriter,,Drum & Bass,1,UK Garage,Drum & Bass,driiamusic@outlook.com,1,0,,.,https://open.spotify.com/artist/4bBcD1Iabv9tLFcZ6FGdys?si=ZjWLi-5bStuzGQdLCn-RtA,9,completed,2024-01-12 12:56:11,,2024-01-12 12:57:11,fc756b747a,
e6l1n2bw5b7ykik183c9zzm2e6l1n2bw,daniel@evolvedmusicgroup.com,Katy Alex,Top Line Facilitation,,Singer/Songwriter,,House,1,Drum & Bass,House,sam@sm-mgmt.uk,1,1,management,.,https://open.spotify.com/artist/63wpGjuYtKMliedy9FjHMB?si=TjCLD0JfRQOKfWQGglGLFQ,9,completed,2024-01-12 12:55:04,,2024-01-12 12:56:04,fc756b747a,
fqxpkz38edp85tqi8fqxpkqppk616988,daniel@evolvedmusicgroup.com,Emma Cannon,Top Line Facilitation,UK,Singer/Songwriter,,UK Garage,1,Drum & Bass,UK Garage,Emmacannonmusic@gmail.com,1,0,,.,https://open.spotify.com/artist/5lImHD87PNxK8nA7mGRRSN?si=ccYfIRGZQGKQs_HG7ueVmw,9,completed,2024-01-12 12:53:55,,2024-01-12 12:54:56,fc756b747a,
0n1fq4r6x8b8xi350n1fjyd606jxtf73,daniel@evolvedmusicgroup.com,NU,Top Line Facilitation,,Singer/Songwriter,,Drum & Bass,0,,,nafertititeare1@gmail.com,1,0,,.,https://open.spotify.com/artist/5V4k12TCud24oll7XIoOnt?si=wGu0GmWnTb6nc0ZWrmhziw,9,completed,2024-01-12 12:53:11,,2024-01-12 12:53:49,fc756b747a,
dhqu3gh0kjevdhqukkge31813lseq8vd,daniel@evolvedmusicgroup.com,Marianna Ray,Top Line Facilitation,,Singer/Songwriter,,Drum & Bass,0,,,marianna.dnb@gmail.com,1,0,,.,https://open.spotify.com/artist/0PyV4VBxPsxRmInWJWxqkm?si=X-JElteFTda9CfZzWH4hrg,9,completed,2024-01-12 12:52:23,,2024-01-12 12:53:05,fc756b747a,
jorfo6o4w7xcg2qifijor1gka3awpjcz,daniel@evolvedmusicgroup.com,Degs,Top Line Facilitation,Uk,Singer/Songwriter,,Drum & Bass,0,,,chrism@clinictalent.com,1,1,management,.,https://open.spotify.com/artist/7gYMOxGbwZZgvaOc6z5VJG?si=H3vFUo_FTQ6C_bqylMPOyQ,8,completed,2024-01-12 12:51:21,,2024-01-12 12:52:18,fc756b747a,
o8nhd4l5tbvo2mc6940djvxmpi2dte86,daniel@evolvedmusicgroup.com,Champiano DI,Top Line Facilitation,UK,Singer/Songwriter,,Drum & Bass,0,,,joe@outcryent.co.uk,1,1,management,"Email might be this as well, joe@continuousentertainment.co.uk - did not get clarification on which to use",https://open.spotify.com/artist/7z80tMfeFXEzSpVWHCvVfJ?si=zqh8ZS9_T0G0ODZbH3d11g,9,completed,2024-01-12 12:49:44,,2024-01-12 12:51:15,fc756b747a,
tr6xbwaxhduj6ixch1mtr6xb2t9rkelq,daniel@evolvedmusicgroup.com,Leah Guest,Top Line Facilitation,UK,Singer/Songwriter,,Drum & Bass,0,,,leahmguest@gmail.com,0,0,,.,https://open.spotify.com/artist/3xcuwG04J5hXTs7eOS1vbe?si=agr5DCM9Q_afX9tmRrqzcw,9,completed,2024-01-12 12:48:57,,2024-01-12 12:49:39,fc756b747a,
n52zc8zpi3xb0i4cnrn52zp4ez61z20e,daniel@evolvedmusicgroup.com,Elipsa,Top Line Facilitation,UK,Singer/Songwriter,,Drum & Bass,0,,,elipsamusicnz@gmail.com,1,0,,.,https://open.spotify.com/artist/2HRQmTBCGufnxsFIodHske?si=li0bGZF7QxC3ziqecQ7H3A,9,completed,2024-01-12 12:46:58,,2024-01-12 12:47:38,fc756b747a,
12vrmkh38pt71x2p6w8g12vrmkfkxrxq,daniel@evolvedmusicgroup.com,Chrissie Huntley,Top Line Facilitation,UK,Singer/Songwriter,,Drum & Bass,0,,,chrissiehuntleymusic@gmail.com,1,0,,.,https://open.spotify.com/artist/3fEex9ONZ8SSmHUgc5p27j?si=rKrYInGBQyOstOR3uqphSQ,9,completed,2024-01-12 12:46:07,,2024-01-12 12:46:53,fc756b747a,
8kasz9m3ewidf9m8kasnm54ak86x26du,daniel@evolvedmusicgroup.com,Natalie Shay,Top Line Facilitation,UK,Singer/Songwriter,,Drum & Bass,0,,,natalieshaymusic@gmail.com,0,0,,.,https://open.spotify.com/artist/6pDapjUwN36LXMdYk0WKuQ?si=hc7wUowWTn20YZtnHlIdKQ,9,completed,2024-01-12 12:45:22,,2024-01-12 12:46:02,fc756b747a,
3a39xuu7zi2ztiui2ni3a39xuji6tvou,daniel@evolvedmusicgroup.com,Able Joseph,Top Line Facilitation,,Singer/Songwriter,,House,0,,,ablejosephmusic@gmail.com,0,0,,.,https://open.spotify.com/artist/0djvjweduXm6AxFgwcznq8?si=0gaBOs1qQZ6zAOI_sS8pyw,8,completed,2024-01-12 12:44:31,,2024-01-12 12:45:16,fc756b747a,
5bg87qtgmkaek93yb5bg87qu79m0822l,daniel@evolvedmusicgroup.com,Tailor,Top Line Facilitation,US,Singer/Songwriter,,House,0,,,tailorsongs@gmail.com,1,0,,.,https://open.spotify.com/artist/2Qf8oz2NeIs8FVCJSsXkWH?si=3-jbYpqpSwS32v-TNSD81A,9,completed,2024-01-12 12:43:40,,2024-01-12 12:44:26,fc756b747a,
6zt3f47a99p46ztl7eetya5pl5al3tfa,daniel@evolvedmusicgroup.com,Lenn,Top Line Facilitation,UK,Singer/Songwriter,,Drum & Bass,0,,,lennhq@gmail.com,0,0,,.,https://open.spotify.com/artist/7zjiW7mV8cnDbqr4tEABTq?si=FhD_8fWZSt-Y-CcXrx2X5g,9,completed,2024-01-12 12:43:00,,2024-01-12 12:43:35,fc756b747a,
mxnumowkhqjj9d37zf7fpy2zvmxnumoh,daniel@evolvedmusicgroup.com,MC ID,Top Line Facilitation,UK,Singer/Songwriter,,Drum & Bass,0,,,Louis@mbartists.co.uk,1,1,has management and a label pretty sure,.,https://open.spotify.com/artist/71p78rJ0sEwTMlNjqln74R?si=atZfl5EpQSOq4bXlqxw7QA,9,completed,2024-01-12 12:41:50,,2024-01-12 12:42:42,fc756b747a,
r6hk6dk9o0b03q4degbmr6hk6ds2e7wx,daniel@evolvedmusicgroup.com,Lauren L'aimant,Top Line Facilitation,UK,Singer/Songwriter,,Drum & Bass,0,,,laurenlaimantsound@gmail.com,1,0,,.,https://open.spotify.com/artist/2M2QzPADSybcVig2CBTcFJ?si=8cVre4naQjGQ69UmpAtgtg,9,completed,2024-01-12 12:40:30,,2024-01-12 12:41:42,fc756b747a,
rtp9ststyffsttah6rtp99b3sn2bpr36,daniel@evolvedmusicgroup.com,Leo Wood,Top Line Facilitation,UK,Singer/Songwriter,,House,1,Drum & Bass,House,leowood@live.co.uk,1,1,management im pretty sure,.,https://open.spotify.com/artist/58vAPzbpMZAVTHWA1KT68B?si=fs6V67UfTuSgjTReCoVgtA,9,completed,2024-01-12 12:39:33,,2024-01-12 12:40:25,fc756b747a,
2zxczypyirk6vg347tqm82zxczy2g6c3,daniel@evolvedmusicgroup.com,Gemma Rose,Top Line Facilitation,UK,Singer/Songwriter,,Drum & Bass,0,,,gemmarosemusicc@gmail.com,0,0,,.,https://open.spotify.com/artist/69e7Hu1jSzXawYb4pZQVLX?si=_6x5AE8HQnCVu38AtizLkA,9,completed,2024-01-12 12:38:17,,2024-01-12 12:39:28,fc756b747a,
raf29ekt2y7qrafvh0bc57xa5y1xuvh0,daniel@evolvedmusicgroup.com,Phillippa Hanna,Top Line Facilitation,US,Singer/Songwriter,,Drum & Bass,0,,,info@philippahanna.co.uk,1,0,,.,https://open.spotify.com/artist/13Ir7pfxQ5ZkpCHaD2NoX2?si=0wLIAi46R76grqFtfAp_eg,9,completed,2024-01-12 12:36:59,,2024-01-12 12:38:13,fc756b747a,
g09yb7m470ggiaexgg09yb7v4qattjay,daniel@evolvedmusicgroup.com,Catching Cairo,Top Line Facilitation,UK,Singer/Songwriter,,Drum & Bass,0,,,Seth@mbartists.co.uk,1,1,management,.,https://open.spotify.com/artist/1MW1wqNtF2hNgsPfGDhrHB?si=uEfL3RQ1TYGj9RSJsDLA6g,9,completed,2024-01-12 12:36:03,,2024-01-12 12:36:54,fc756b747a,
v8izij020bjob6a1v8izxy8znp7i0l6d,daniel@evolvedmusicgroup.com,Paper Dragon,Top Line Facilitation,UK,Singer/Songwriter,,Drum & Bass,0,,,info@paperdragonmusic.com,1,0,,.,https://open.spotify.com/artist/2n6DgOnNnybz75HSSdM7Ai?si=wd7Wr9xgRDaWEj_WAF_jGw,6,completed,2024-01-12 12:34:43,,2024-01-12 12:35:54,fc756b747a,
b8n0dbz5w5p6exywlb8n0eoqoc5ot4vc,daniel@evolvedmusicgroup.com,[ K S R ],Top Line Facilitation,UK,Singer/Songwriter,,Drum & Bass,0,,,james@syndicatemgmt.co.uk,1,1,management,".,",https://open.spotify.com/artist/7BWjWVat8puiUriWads4kk?si=7U96g-VeTduDJbbGIhfm7Q,9,completed,2024-01-12 12:33:23,,2024-01-12 12:34:36,fc756b747a,
7n0zwmpuox440i767n0zwmpbbd2dx9x0,daniel@evolvedmusicgroup.com,Oktae,Top Line Facilitation,UK,Singer/Songwriter,,Drum & Bass,1,UK Garage,UK Garage,info@chillitriberecords.com,1,0,,.,https://open.spotify.com/artist/4PxFr57PZWOCVJ5HkJyaoD?si=VUyAC16LQbO6cZygXWcNSw,9,completed,2024-01-12 12:32:10,,2024-01-12 12:33:16,fc756b747a,
eug8rmleesimid4eug8bsk3hum0d9j3l,daniel@evolvedmusicgroup.com,Leah Rye,Top Line Facilitation,US,Singer/Songwriter,,RnB,1,Ballad,RnB,info@leahrye.com,1,0,,.,https://open.spotify.com/artist/2rmiadqAd2xyJUVLbCnWvn?si=xxbyLnlkT8q0RM-W7eVPnA,10,completed,2024-01-12 12:29:19,,2024-01-12 12:32:03,fc756b747a,
g9lzxsnvjfs5dce0cg9lzgn6rqjgb57o,daniel@evolvedmusicgroup.com,Empaths (they are a duo by the way),Top Line Facilitation,UK,Singer/Songwriter,,Drum & Bass,0,,,empathsmusic@gmail.com,0,0,,.,https://open.spotify.com/artist/6ZlLxdmaQUCXRoAy0CGBGc?si=pbyVWVPFQIaqmr7CMnQmDw,9,completed,2024-01-12 12:28:22,,2024-01-12 12:29:14,28ac2f97e8,
fvcrihix424u9ox6y4fvcrimfebh2344,daniel@evolvedmusicgroup.com,Flowanastasia,Top Line Facilitation,UK,Singer/Songwriter,,Drum & Bass,0,,,flowanastasia@gmail.com,0,0,,.,https://open.spotify.com/artist/6AAhs4ooZ8UUIuuhWj1ZjM?si=o2QvvH19Qp6CuKBcl7eU_A,8,completed,2024-01-12 12:27:34,,2024-01-12 12:28:15,28ac2f97e8,
zyn2te909rdztphtrzyn2te9nrzp5bt8,daniel@evolvedmusicgroup.com,Notelle,Top Line Facilitation,UK,Singer/Songwriter,,Electronic Dance Music,1,Drum & Bass,Electronic Dance Music,management@notellemusic.com,1,1,has management,.,https://open.spotify.com/artist/2QH237xSFhmfZJHrRulT7U?si=E-1dinshSe-HuawxM-wAPQ,9,completed,2024-01-12 12:26:22,,2024-01-12 12:27:28,28ac2f97e8,
lyl0z0l7xnm3dj0n7zds1ylyl0z0mco4,daniel@evolvedmusicgroup.com,Laura Brehm,Top Line Facilitation,UK,Singer/Songwriter,,Drum & Bass,1,Electronic Dance Music,Drum & Bass,laurabrehmmusic@gmail.com,1,0,,.,https://open.spotify.com/artist/7ddnIV2r4SLjuwyGlgLIWt?si=94wfiZL5T_KfaeiQpYyUJQ,9,completed,2024-01-12 12:22:47,,2024-01-12 12:24:34,28ac2f97e8,
6im2ofvosei1p3eprtyc6im2oxh7xj43,daniel@evolvedmusicgroup.com,Ruth Royall,Top Line Facilitation,UK,Singer/Songwriter,,Drum & Bass,0,,,singwithruth@gmail.com,0,0,,.,https://open.spotify.com/artist/68mfV6tyHCTHZrNWNbVXmu?si=Pnig1rk-QUq6XnMv44ic0w,6,completed,2024-01-12 12:21:55,,2024-01-12 12:22:38,28ac2f97e8,
knak52wsv8g2kxj0hgodku9gknak52ws,daniel@evolvedmusicgroup.com,SOLAH,Top Line Facilitation,UK,Singer/Songwriter,,Drum & Bass,0,,,Badger@criticalmusic.com,1,1,,.,https://open.spotify.com/artist/4jrJBSg0c2qx8SMGa7ququ?si=kCa1nHmlSAainWVeMLbVuQ,8,completed,2024-01-12 12:21:03,,2024-01-12 12:21:48,28ac2f97e8,
9eu0spjf2pi57cav9eu0spv48gkzd3s2,daniel@evolvedmusicgroup.com,Riya,Top Line Facilitation,UK,Singer/Songwriter,,Drum & Bass,0,,,riyavision@gmail.com,1,0,,.,https://open.spotify.com/artist/5XPW5vMGMW4tA1Z3qosShb?si=fnF9vdVtQma-ktHC8iUFGw,9,completed,2024-01-12 12:20:12,,2024-01-12 12:20:53,28ac2f97e8,
sv6hj1mctiqcso2tlwpfsv6hj7pm4wvf,daniel@evolvedmusicgroup.com,Ayelle,Top Line Facilitation,UK,Singer/Songwriter,,Drum & Bass,1,RnB,Drum & Bass,music.ayelle@gmail.com,1,0,,.,https://open.spotify.com/artist/5aNJpeK3hUdPY9orfExdOF?si=YP7OXLvCTsazSh8H82yB9A,9,completed,2024-01-12 12:19:09,,2024-01-12 12:20:01,28ac2f97e8,
1jeznidjfcbby12ablo1y1jezni3339o,daniel@evolvedmusicgroup.com,Sydney Bryce,Top Line Facilitation,UK,Singer/Songwriter,,Drum & Bass,0,,,Sydneybrycemusic@gmail.com,0,0,,.,https://open.spotify.com/artist/57wU47pYKEcHOfb97oeSy6?si=tWUK0kB9Q9WeJ-r-gwjzog,8,completed,2024-01-12 12:18:11,,2024-01-12 12:19:03,28ac2f97e8,
zmzwc1bwzvegbl896em1vzmzwc1bedk6,daniel@evolvedmusicgroup.com,Emily Makis,Top Line Facilitation,UK,Singer/Songwriter,,Drum & Bass,0,,,e_makis@outlook.com,1,0,,.,https://open.spotify.com/artist/51ferxocEKt0vjxzUsqyFX?si=jxROgfnXQ3iOeALBANkkEw,8,completed,2024-01-12 00:36:05,,2024-01-12 12:17:54,28ac2f97e8,
pgcnizywf93u7jerupgcnipvck1j1b6g,dan@evolvedmusicgroup.com,Domi & JD Beck,Top Line Facilitation,USA,Singer/Songwriter,,Electronic Dance Music,0,,,krystal@paakhouse.org,1,1,N/a,They fuse electronica with jazz,https://www.youtube.com/results?search_query=domi+%26+jd+beck+live,7,completed,2023-12-27 17:45:27,,2023-12-27 17:47:16,9d7550f5d9,
q6at8aj3957m702g53uq6at8aj35ybjv,dan@evolvedmusicgroup.com,Lola Brooke,Top Line Facilitation,USA,Singer/Songwriter,,Hip Hop & Rap,0,,,BookLola@team80ent.com,1,1,,She has a cool electronic sonic rap asthetic,https://www.youtube.com/watch?v=UBdDUh9a2k0,7,completed,2023-12-27 17:42:23,,2023-12-27 17:43:57,9d7550f5d9,
u6zj0aipx9lyo68u3dylu6zj0arbff04,dan@evolvedmusicgroup.com,Yaya Bey,Top Line Facilitation,USA,Singer/Songwriter,,Experimental Soul,0,,,yayabeymgmt@gmail.com,0,0,,She has a strong affinity to electronica and her voice really works well with this material,https://www.youtube.com/@YayaBeyMusic,6,completed,2023-12-27 17:32:23,,2023-12-27 17:33:57,9d7550f5d9,
z7g3f7rub6alf61xyi2z7g3fqr57bqlx,dan@evolvedmusicgroup.com,Tokischa,Top Line Facilitation,Latin America,Singer/Songwriter,,Electronic Dance Music,0,,,popola@tokischallc.com,1,1,,She is a urban/current pop rap artist within us electronica,https://www.youtube.com/@Tokischa,6,completed,2023-12-27 17:14:18,,2023-12-27 17:21:10,9d7550f5d9,
l64o1eiwqp3dbwtz3dl64oikzad9dspn,dan@evolvedmusicgroup.com,Sudan Archives,Top Line Facilitation,USA,Singer/Songwriter,,Electronic Dance Music,0,,,george@constantartists.com,1,1,george@constantartists.com,She has a very old school eletronic dance/urban vibe,https://www.youtube.com/@SudanArchivesMusic,7,completed,2023-12-27 17:11:49,,2023-12-27 17:14:06,9d7550f5d9,
wx277zw2tifsv7zk5j82xytwx277p5sj,dan@evolvedmusicgroup.com,Special Interest,Top Line Facilitation,USA,Singer/Songwriter,,Electronic Dance Music,0,,,specialinterestno@gmail.com,1,0,,They have a unique Electronic Pop/Punk vibe,https://www.youtube.com/@specialinterestno,6,completed,2023-12-27 17:06:58,,2023-12-27 17:08:41,9d7550f5d9,
a6mlrvht2nsdj2d7n4ra6mlr36zx7r7r,dan@evolvedmusicgroup.com,Silvana Estrada,Top Line Facilitation,Mexico,Singer/Songwriter,,Experimental Soul,0,,,hola@silvanaestrada.com,1,0,,She sings in her native language,https://www.youtube.com/watch?v=7e4wO8wrHh0,7,completed,2023-12-27 17:02:20,,2023-12-27 17:04:39,9d7550f5d9,
0cf5r0zd6lni6pmnp0cfy2jmby7gqbmr,dan@evolvedmusicgroup.com,Mediopicky,Top Line Facilitation,Dominican Republic,Singer/Songwriter,,Electronic Dance Music,0,,,mediopicky@gmail.com,1,1,N/a,He is a Producer/DJ as well as a singer/songwriter,https://www.youtube.com/@MEDIOPICKY,6,completed,2023-12-27 16:58:37,,2023-12-27 17:00:41,9d7550f5d9,
06oj7eqtxlhu1jx806ofoimq9smp9ai5,dan@evolvedmusicgroup.com,Mabe Fratti,Top Line Facilitation,Mexico,Singer/Songwriter,,Alt Pop,0,,,contactmabefratti@gmail.com,1,0,,She sings in her native language,https://www.youtube.com/watch?v=QTskdzJ1VCE,6,completed,2023-12-27 16:49:40,,2023-12-27 16:53:08,9d7550f5d9,
btbrknh0yp8icseeqmiqzbbtbrknwqh1,dan@evolvedmusicgroup.com,Ice Spice,Top Line Facilitation,USA,Singer/Songwriter,,Hip Hop & Rap,0,,,icespicemgmt@gmail.com,1,1,N/a,She has a very sultry drill/rap sound,https://www.youtube.com/results?search_query=Ice+Spice+-+,7,completed,2023-12-27 16:33:45,,2023-12-27 16:35:50,9d7550f5d9,
g3qo4fbjlpy70sapiqg3qo418tih5ilg,dan@evolvedmusicgroup.com,Grace Ives,Top Line Facilitation,USA/UK,Singer/Songwriter,,Electronic Dance Music,0,,,amanda@casual-mgmt.com,1,1,Casual Mgmt,"She has a really quirky, experimental electronic sound",https://www.youtube.com/results?search_query=grace+ives+-+,6,completed,2023-12-27 16:26:50,,2023-12-27 16:30:50,9d7550f5d9,
16aidcus1j21vvdq2y16aidb8nryb24z,dan@evolvedmusicgroup.com,Glorilla,Top Line Facilitation,USA,Singer/Songwriter,,Hip Hop & Rap,0,,,gloriaboyd1789@gmail.com,1,1,,She is super hot stateside and has an amazing image and sound,https://www.facebook.com/gloyaltygirl,7,completed,2023-12-27 16:23:23,,2023-12-27 16:25:13,9d7550f5d9,
savjltt6kzf8np6hesavjl4kt0t4wmug,dan@evolvedmusicgroup.com,Charlotte Adigery,Top Line Facilitation,France / USA,Singer/Songwriter,,Electronic Dance Music,0,,,jarri@disconaivete.com,1,1,,"She is a really left field, creative artist",https://www.facebook.com/charlotteandbolis,6,completed,2023-12-27 16:14:02,,2023-12-27 16:16:01,9d7550f5d9,
0io5f4v0zl55bxohto40ios5dp7isggx,dan@evolvedmusicgroup.com,Ayra Starr,Top Line Facilitation,USA,Singer/Songwriter,,Afrohouse,1,Electronic Dance Music,Amapiano,ayrastarr989@gmail.com,1,0,,She is a really cool and current sounding artist,https://www.facebook.com/profile.php?id=100092268907899,8,completed,2023-12-27 16:02:17,,2023-12-27 16:04:25,9d7550f5d9,
hv1guuq6o7yp3uhy0yhv1guyayjw5gwe,dan@evolvedmusicgroup.com,Akai Solo,Top Line Facilitation,USA,Singer/Songwriter,,Hip Hop & Rap,0,,,kittheartist@gmail.com,1,0,,Great Rapper and lyrically very intruiging,https://www.facebook.com/akaisolo,7,completed,2023-12-27 15:43:02,,2023-12-27 16:00:40,9d7550f5d9,
h7d8758hq4aaqb4h7d8o7mvn9vr124wa,dan@evolvedmusicgroup.com,Suzanna Marland,Top Line Facilitation,UK,Singer/Songwriter,,Folk/Indie,0,,,Suzi.marland@gmail.com,0,0,,She just has an old school writers vibe that i think might do well for us potentially,https://www.facebook.com/suzimarland/?show_switched_toast=0&show_invite_to_follow=0&show_switched_tooltip=0&show_podcast_settings=0&show_community_review_changes=0&show_community_rollback=0&show_follower_visibility_disclosure=0,6,completed,2023-12-27 15:20:42,,2023-12-27 15:42:55,9d7550f5d9,
zcsqu7jbxtbm3yxlholzcsqu7hf2geg6,daniel@evolvedmusicgroup.com,Sabrina Shauna,Top Line Facilitation,US,Singer/Songwriter,,RnB,0,,,shaunasabrina@gmail.com,0,1,Has a manager - no publisher,Crazy vocals,https://open.spotify.com/artist/1U8iItUJq9awKq5BFwjYU3?si=U0Tw-qLLQWCTWc0QUwJTuQ,10,completed,2023-12-12 23:40:36,,2023-12-12 23:43:23,085803eeed,
vx3a0wef9vapkumovx3ajeql4lnporax,bermudacalmuaic@gmail.com,BermudaCal,Sync Licensing,"Bermuda/London, UK",Singer/Songwriter,,Alt Rnb,1,Hip Hop & Rap,Alt Rnb,bermudacalmusic@gmail.com,0,0,,"Saxophone player, all production writing mixing etc done himself, from Bermuda",https://youtu.be/lysgjz7qs-k?si=G1ipFMYGuzmAImli,9,completed,2023-12-12 16:30:05,,2023-12-12 16:34:05,3c03febade,
w37aqwxd3esj6soa2w37aqxylwr6qe5t,prasenjit@evolvedmusicgroup.com,Helena Deland,Top Line Facilitation,Canada,Singer/Songwriter,,Folk/Indie,0,,,Nyck@chivichivi.com,1,1,Nyck@chivichivi.com,"Already touring, niche sync opportunities",https://www.youtube.com/watch?v=GYjmETMmAHo&pp=ygUbYm9keSBsYW5ndWFnZSBoZWxlbmEgZGVsYW5k,7,completed,2023-12-10 02:05:37,,2023-12-10 02:11:21,b31cc59be9,
dze7grnkf7tbqn37mdze7g5e73misjey,daniel@evolvedmusicgroup.com,Amber Louise,Top Line Facilitation,UK,Singer/Songwriter,,Electronic Dance Music,1,Drum & Bass,Electronic Dance Music,amberthorpeofficial@gmail.com,0,0,,Does all kinds of genres and has catchy songs,https://open.spotify.com/artist/2vhuqW1UFNmFNmJ31HuyGL?si=jlXJCLLcToOn5Buw3ejsPQ,9,completed,2023-12-06 01:32:16,,2023-12-06 01:36:32,610e0838f3,
othbyb71gy7svwphaft1othbybnho6tr,daniel@evolvedmusicgroup.com,Jodie Evans,Top Line Facilitation,UK,Singer/Songwriter,,Rock & Metal,1,Ballad,Ballad,joeandjodieevans@yahoo.co.uk,0,0,,diverse genre choice,https://open.spotify.com/artist/14RTrGzaLmO5cVdbDlZ9Lq?si=EhSbZCqfRSGaX9qHYrTk5w,8,completed,2023-12-06 01:30:19,,2023-12-06 01:31:25,610e0838f3,
450jkws5uz513oqo8ttbg450jkw18sj0,daniel@evolvedmusicgroup.com,Fi,Top Line Facilitation,UK,Singer/Songwriter,,Ballad,0,,,sophiajessica.x@gmail.com,0,0,,"soft vocals, good story telling",https://open.spotify.com/track/2G1MSlDkz5lEuOievhh8s8?si=qtrntQYmSSCevKwBrqZ70w,8,completed,2023-12-06 01:28:13,,2023-12-06 01:29:36,610e0838f3,
j3syeoxufrfn11qwbuj3syeoxlf81l7t,daniel@evolvedmusicgroup.com,Paul play,Top Line Facilitation,,Singer/Songwriter,,Afrohouse,0,,,playgroundworldwide@gmail.com,1,0,,"has a powerful rap voice but an angelic singing voice, very nice combo",https://open.spotify.com/artist/6swbkgPRm0Gxw4jBo3ykUB,7,completed,2023-12-06 01:24:54,,2023-12-06 01:26:21,610e0838f3,
m64ffw3zhgwobafm6465pdrff3m8cc4w,daniel@evolvedmusicgroup.com,SNDTRKK,Top Line Facilitation,UK,Singer/Songwriter,,RnB,0,,,mileslascelles@gmail.com,1,0,,"his voice, can hear something in the way he sings that makes me feel like we could make something big of him",https://soundcloud.com/sndtrkk/sets/singer-songwriter/s-r9FpY0mx5hj?ref=clipboard&p=i&c=1&si=B60CC1A8351E4AE8910D6DAC012B19E6&utm_source=clipboard&utm_medium=text&utm_campaign=social_sharing,10,completed,2023-12-06 01:20:10,,2023-12-06 01:23:24,610e0838f3,
4f2xiljn306pjoc3rz7mbq4f2xiljnep,daniel@evolvedmusicgroup.com,ONA,Top Line Facilitation,UK,Singer/Songwriter,,Trap,1,RnB,Trap,na.alienboi@gmail.com,1,0,,"Catchy songs, feel like this is the music A LOT of young people would bang out all day",https://www.youtube.com/watch?v=h7r2xZyWw2U&t=106s,9,completed,2023-12-06 01:07:59,,2023-12-06 01:12:06,610e0838f3,
vfz4dpol70soqrfc8cjwvfz4dpyb2lph,daniel@evolvedmusicgroup.com,Kris Searle,Top Line Facilitation,UK (also US resident),Singer/Songwriter,,Pop & Commercial,0,,,krissearlemusic@gmail.com,0,0,,"Amazing voice, raw emotion, feel like this music really connects with the listener",https://open.spotify.com/track/10cpR6kXMyeFvjV34K3klD?si=cf51807b7af4405b,10,completed,2023-12-06 01:04:27,,2023-12-06 01:07:44,610e0838f3,
e7ikod140j60lrubqtje7ikod5p0nxwv,daniel@evolvedmusicgroup.com,Katie raban,Top Line Facilitation,UK,Singer/Songwriter,,Ballad,0,,,katielouiseraban@gmail.com,0,0,,"Good at story telling, knows her voice well as you can see her exercising techniques such as vibrato etc",https://instagram.com/katierabann?igshid=OGQ5ZDc2ODk2ZA==,8,completed,2023-12-06 01:02:22,,2023-12-06 01:03:53,610e0838f3,
zntjjhky1lohgg521g4zntjjhhmd1x2a,daniel@evolvedmusicgroup.com,John Speke,Top Line Facilitation,UK,Singer/Songwriter,,Alt Pop,0,,,johnspekemusic@gmail.com,1,0,,Clean natural vocals,https://soundcloud.com/user-303848086/disco-dogs-masters?si=e38ae1759a2e4448ba1851eb453ddc46&utm_source=clipboard&utm_medium=text&utm_campaign=social_sharing,9,completed,2023-12-06 00:56:03,,2023-12-06 01:01:40,610e0838f3,
s6hnfrhbzrrxnjqyvabs6hnfrh11glgs,daniel@evolvedmusicgroup.com,Sophie Oliver,Top Line Facilitation,Can't lock down a specific place but evidence points towards Spain or Argentina,Singer/Songwriter,,Electronic Dance Music,0,,,info@sophieolivers.com,1,0,,multilingual and has diverse genre choices,https://open.spotify.com/artist/3lLP8vYaOAzBbk7gANz1BZ?si=uNYmgrh5RKyw3S57MS5zBQ,9,completed,2023-12-06 00:53:01,,2023-12-06 00:55:33,610e0838f3,
mqjt2dwgtwthhaamqjt2rais2h6zj8vt,daniel@evolvedmusicgroup.com,Yasmine Sabbagh,Top Line Facilitation,Egypt,Singer/Songwriter,,Ballad,1,Electronic Dance Music,Ballad,yasminesabbagh39@gmail.com,1,0,,smooth vocals and diverse with her genre choice,https://soundcloud.com/yasmine-sabbagh-816647868,8,completed,2023-12-06 00:50:07,,2023-12-06 00:52:32,610e0838f3,
wasw9k19cuh39e3mwasw9k1x2y8kbag0,daniel@evolvedmusicgroup.com,Lany Stephens,Top Line Facilitation,UK,Singer/Songwriter,,Drum & Bass,1,Pop & Commercial,Drum & Bass,lani.stephens24@gmail.com,1,0,,has a unique bounce on her tracks,https://soundcloud.com/user-388576240/sets/lani-stephens-pop/s-89prkD11wjj?si=7c7b0f686a2a4a27a87f94246b118991&utm_source=clipboard&utm_medium=text&utm_campaign=social_sharing,9,completed,2023-12-06 00:47:25,,2023-12-06 00:49:28,610e0838f3,
riczf7p1ty47rhxblgsriczfno0rkkk9,daniel@evolvedmusicgroup.com,Modeeza,Top Line Facilitation,UK,Singer/Songwriter,,RnB,0,,,tracey.brown1304@gmail.com,0,0,,soft angelic voice,https://open.spotify.com/artist/1NG0q5gyi1eon2HfNZeCE7?si=DczDIifPSEak8Gryhf_Y1Q,8,completed,2023-12-06 00:44:53,,2023-12-06 00:46:28,610e0838f3,
b7hlwbrdoz7ivjlzbtb7hlwpaib82ffw,daniel@evolvedmusicgroup.com,Xona,Top Line Facilitation,UK,Singer/Songwriter,,RnB,0,,,xonatheartist@gmail.com,1,0,,Very good male head voice,https://www.youtube.com/watch?v=EDUH6xhKv0Y&t=121s,9,completed,2023-12-06 00:35:26,,2023-12-06 00:44:14,610e0838f3,
hca0tyzsyr7bzhis35sgchca0tyzyx88,daniel@evolvedmusicgroup.com,Nia Sommer,Top Line Facilitation,UK,Singer/Songwriter,,RnB,0,,,niasommermusic@gmail.com,1,0,,"Crazy vocals, defo going to be something big if she keeps up work rate",https://open.spotify.com/artist/0rl8IiuoWBBAvtYywmcwKY?si=PjE2BP9mQBaMVtUOzdtQfA,10,completed,2023-11-27 19:56:11,,2023-11-27 19:57:52,a95e382f23,
khyog7j3atc2mkgxlmaokhyog66n9bsa,daniel@evolvedmusicgroup.com,Jastin Martin,Top Line Facilitation,US,Singer/Songwriter,,RnB,0,,,jastinmartin143@gmail.com,1,1,"think she has a manager, cannot find it for sure though. Has no publisher though","connects strongly with her songs, lots of emotion and plays guitar too",https://open.spotify.com/artist/44JW18XzNr86kKNWJq8eg1?si=Vr_-4dXhTa2F_ze7QcfJqQ,10,completed,2023-11-27 19:52:14,,2023-11-27 19:55:17,a95e382f23,
otjjt2szq72x8by9uzewiotjjt2sq3vg,daniel@evolvedmusicgroup.com,NAZ,Top Line Facilitation,UK,Singer/Songwriter,,RnB,0,,,nkhamehseifi@gmail.com,1,0,,"can hold notes for insanely long, has amazing voice too",https://instagram.com/nazoriginall?igshid=OGQ5ZDc2ODk2ZA==,10,completed,2023-11-27 19:48:30,,2023-11-27 19:51:50,a95e382f23,
6busau5yxn0nz80ksqt956busau5ocj4,daniel@evolvedmusicgroup.com,Enila,Top Line Facilitation,UK,Singer/Songwriter,,RnB,0,,,agahime9@gmail.com,1,1,has manager - no publisher,"Amazing head voice, sounds dreamy combined with her track selection",https://instagram.com/_en.ila?igshid=OGQ5ZDc2ODk2ZA==,9,completed,2023-11-27 19:45:44,,2023-11-27 19:48:20,a95e382f23,
sgvgzug1h12b2xq9k2g8osgvgzuq60as,daniel@evolvedmusicgroup.com,Orobosa,Top Line Facilitation,UK,Singer/Songwriter,,Pop & Commercial,0,,,orobosaob@gmail.com,1,0,,"Strong male voice, reminds me of sam smith kind of",https://instagram.com/orobosa_ob?igshid=OGQ5ZDc2ODk2ZA==,9,completed,2023-11-27 19:42:47,,2023-11-27 19:45:17,a95e382f23,
f076imtglhqc5zm17k3h12anf076imtd,daniel@evolvedmusicgroup.com,Keji,Top Line Facilitation,UK,Singer/Songwriter,,Afrohouse,0,,,kejiprivate@gmail.com,1,0,,Unique sound,https://instagram.com/officialkejigram?igshid=OGQ5ZDc2ODk2ZA==,9,completed,2023-11-27 19:40:04,,2023-11-27 19:42:33,a95e382f23,
98r29hrokwaehpe6eohn9he498r29hro,daniel@evolvedmusicgroup.com,Kali Claire,Top Line Facilitation,UK,Singer/Songwriter,,RnB,0,,,kalitooloud@gmail.com,1,0,,"On the way up, got some consistent big numbers and has a commercial rnb voice",https://open.spotify.com/artist/21S3j7WjnZmXyhXrNif84x?si=t0LEx4a4Q1inRvmzl6lGUg,10,completed,2023-11-27 19:37:52,,2023-11-27 19:39:31,a95e382f23,
foookl0db21m1fvecn3foooyj65abcnu,daniel@evolvedmusicgroup.com,Emilyanne.,Top Line Facilitation,UK,Singer/Songwriter,,Folk/Indie,0,,,em.musicbookings@gmail.com,0,0,,"Soft voice, plays guitar too",https://open.spotify.com/artist/5Axprt6tNRqpp7zjYDVhnq?si=n6ObiKMnS7iIevapznJ_Pw,9,completed,2023-11-27 19:36:06,,2023-11-27 19:37:28,a95e382f23,
9wh9nn7hcr9i71s9wh9nnn6mwxun36l1,daniel@evolvedmusicgroup.com,George Bone,Top Line Facilitation,UK,Singer/Songwriter,,House,0,,,georgeb792@outlook.com,1,0,,clean but raspy vocals,https://open.spotify.com/artist/4RYWZR6HXmI44ZRpk0rWbA?si=ptv0GbmNRY2E4n6DuowMYw,9,completed,2023-11-27 19:31:45,,2023-11-27 19:35:38,a95e382f23,
45r5zfjxfi7c1c45rq7e7sfjhrt1j0ky,daniel@evolvedmusicgroup.com,Ray Vela,Top Line Facilitation,UK,Singer/Songwriter,,RnB,0,,,ranya1805@gmail.com,0,0,,"Strong, powerful vocals",https://open.spotify.com/artist/0LGP57rR1VcwOLoxTVWrRp?si=aFD4Uz2mTSW3gDAz5fYHXw,8,completed,2023-11-27 19:30:23,,2023-11-27 19:31:33,a95e382f23,
7p2iv385z5ypbdvybgm7p2ivufh63nfl,daniel@evolvedmusicgroup.com,VinDon,Top Line Facilitation,Jamaica,Singer/Songwriter,,Drum & Bass,1,Hip Hop & Rap,Drum & Bass,iamvindon@gmail.com,1,1,"Has a non-exclusive publishing deal already, no manager though","Strong Jamaican voice, goes well with many genres, is a great MC as well. Has collabs with Dax, Unknown Brain and more.",https://open.spotify.com/artist/6hS0eB6BQPvcKhIM6Ltem0?si=S50kDFJASyOHXFXhIxWFkw,10,completed,2023-11-27 19:24:51,,2023-11-27 19:29:41,a95e382f23,
j7s3cxrjpjcg7ft2v0kovj7s3cxre4j6,daniel@evolvedmusicgroup.com,Victor Le Douarec,Top Line Facilitation,France,Singer/Songwriter,,Alt Pop,0,,,victor@victorious-music.com,1,1,Has manager - no publisher,Produces as well as sings,https://open.spotify.com/artist/4QBHuCtLCocueBpmsaFnZ4?si=if8nOJx8QUGiOhYXe8loCg,9,completed,2023-11-27 18:56:45,,2023-11-27 18:58:49,a95e382f23,
gw8mlcz0v5eh6l0szapmgw8mq7rg5xqy,daniel@evolvedmusicgroup.com,Janelle Kroll,Top Line Facilitation,,Singer/Songwriter,,Pop & Commercial,0,,,janellekrollmgmt@gmail.com,1,1,Cant find any direct management but her email has mgmt in it,Hops on various genres and has big collabs + numbers to back it,https://open.spotify.com/artist/50bLYJ4e3ZR2chodK8oMW9?si=YpK_i3paQbSycLdznM3Zug,9,completed,2023-11-27 17:19:18,,2023-11-27 17:23:04,a95e382f23,
nvw8f79jypktv3lmc55mnvw8foqjbe7i,daniel@evolvedmusicgroup.com,Ramona Renea,Top Line Facilitation,US,Singer/Songwriter,,Soul,0,,,rareneamusic@yahoo.com,0,0,,Experiments her vocal range,https://open.spotify.com/artist/4rgCSBhGOFMm7d8HJsA4j3?si=E6N5Z7xhRUOUsQmRrMBZgQ,9,completed,2023-11-27 17:11:43,,2023-11-27 17:14:54,a95e382f23,
gg2dm2efc0m4sdu51gg2dmf8llbrv64s,daniel@evolvedmusicgroup.com,Angel Roxy,Top Line Facilitation,UK,Singer/Songwriter,,Pop & Commercial,0,,,angelikasylense@gmail.com,0,0,,Diverse voice,https://www.youtube.com/watch?v=w5-nz_JfWJ0&t=1s,9,completed,2023-11-27 16:57:55,,2023-11-27 17:00:56,a95e382f23,
3n70bqpdji7mnca3n70u3vq7qrgpxy74,daniel@evolvedmusicgroup.com,Jasmine Knight,Top Line Facilitation,UK,Singer/Songwriter,,Electronic Dance Music,1,Drum & Bass,Electronic Dance Music,info@jasmineknightuk.com,0,0,,Has no manager but has a publisher however is non-exclusive already,https://open.spotify.com/artist/62dzcTsEV21nYVDa3ViUEh?si=akzX1aBITvSLNyxOhmWreg,8,completed,2023-11-27 16:54:39,,2023-11-27 16:56:31,a95e382f23,
d0ze49s2peu8g7b4737xd0ze4nqtzvtp,daniel@evolvedmusicgroup.com,Charlotte Plank,Top Line Facilitation,UK,Singer/Songwriter,,Drum & Bass,1,House,Drum & Bass,charlotte@charlotteplank.com,1,1,"Has 2 managers, cannot find if she has publisher","Amazing voice, crazy numbers, wouldn't be surprised if she becomes one of the biggest artists of all time",https://open.spotify.com/artist/4U5QErgn94wZGw1rJz01BO?si=GKOSGNEiRnmsP_VngS1oWA,10,completed,2023-11-27 16:49:33,,2023-11-27 16:52:13,a95e382f23,
zbs9z07je3t7s5ft37zbs9z07a4e3fgb,daniel@evolvedmusicgroup.com,Alimish,Top Line Facilitation,UK,Singer/Songwriter,,Electronic Dance Music,0,,,info@alimish.com,1,1,Cannot find if she has mgmt anywhere but wouldn't be surprised with the numbers she's running,"Amazing head voice, angelic like",https://open.spotify.com/artist/2gbXRkygfEuz0WIjtN2vpR?si=LQyKmZdhTA-KoRmka7qOmQ,10,completed,2023-11-27 16:44:19,,2023-11-27 16:49:27,a95e382f23,
y62xdzvg9vn62mwv563cy62xdz2ud0fn,daniel@evolvedmusicgroup.com,Tara Mills,Top Line Facilitation,UK,Singer/Songwriter,,RnB,1,Hip Hop & Rap,RnB,taramillsmanagement@outlook.com,0,1,I cannot find any management for certain but her email does say management,"Smooth vocals, collaborated with a few big artists and has good numbers",https://open.spotify.com/artist/096XAqfX0njIKt8ULAWWht?si=ki2a3EgDTJybTX5y09J-pA,9,completed,2023-11-27 16:36:55,,2023-11-27 16:44:11,a95e382f23,
x3c7y0jydyf5dzux3c7s05loohbxitpn,daniel@evolvedmusicgroup.com,Millie Blooms,Top Line Facilitation,UK,Singer/Songwriter,,Hip Hop & Rap,1,Pop & Commercial,Hip Hop & Rap,Milliebloomsmusic@gmail.com,1,0,,"Multi-genre Singer-Rapper, Songwriter, Arranger, Programmer & Producer/Vocal Producer. + Artist Development Mentor",https://open.spotify.com/artist/4uGTAHFIvhjXgVU5Sv2KcE?si=prZG3hqAQCSF1yFSYdOMLA,9,completed,2023-11-27 01:46:06,,2023-11-27 01:49:53,e58dcb761d,
lxb0ohs4kzpi1lerlxb0oh153wryfuoa,daniel@evolvedmusicgroup.com,Fedoramylos,Top Line Facilitation,Nigeria,Singer/Songwriter,,RnB,1,Pop & Commercial,RnB,Afonjaabiola2020@gmail.com,1,0,,great melodies and voice,https://open.spotify.com/artist/5KJGxfY7qs7YEMF9glXvFo?si=x434x8fGQQO1421-UeBgKQ,8,completed,2023-11-27 01:42:59,,2023-11-27 01:45:32,e58dcb761d,
c6kl18w70mdolxjhxc6yf3hyqe74jicv,daniel@evolvedmusicgroup.com,Eleanor Meegan,Top Line Facilitation,UK,Singer/Songwriter,,Electronic Dance Music,,,,eleanormeegan@outlook.com,0,0,,Self sufficient and delves into many genres,https://open.spotify.com/artist/0vf2Lkmq1CRsSUgmj9oKTC?si=IuXE2yaqQZWXtIWimHuSvQ,9,completed,2023-11-27 01:39:28,,2023-11-27 01:39:42,e58dcb761d,
xny23m6vyxoyzbkpv14qlelxny23m6uj,daniel@evolvedmusicgroup.com,ambernula,Top Line Facilitation,UK,Singer/Songwriter,,,,,,amber.meikle.sa@gmail.com,0,0,,"""I use all the elements to craft a story, or something that will hit the listener just that bit deeper.""",https://drive.google.com/file/d/1uFwNkhgzZFtxkkq3ofsIQEa7qYM3GqLU/view?usp=drivesdk,8,completed,2023-11-24 20:17:12,,2023-11-24 20:19:28,2f6d045daa,
u7bhtysz0mf6uiku5u7bhtys6wjl6han,daniel@evolvedmusicgroup.com,Nonye Toria,Top Line Facilitation,Canada,Singer/Songwriter,,,,,,Victoria@nonyetoria.com,0,1,www.Worldmaidens.com,"Unique style, sound and versatility.",https://www.boomplay.com/artists/3256276,9,completed,2023-11-24 20:13:51,,2023-11-24 20:17:04,2f6d045daa,
thzckb55h9w3qgd0z2thzckbyet47eyq,daniel@evolvedmusicgroup.com,Thursday's Child,Top Line Facilitation,Ireland,Singer/Songwriter,,,,,,astafford84@gmail.com,0,0,,"soft voice, perfect for alt rock",https://open.spotify.com/artist/5ot3Yefv9R6E58TScVwTLk,8,completed,2023-11-24 20:07:44,,2023-11-24 20:08:58,2f6d045daa,
866usfduj65zzocgsr866usfduywfdx6,daniel@evolvedmusicgroup.com,Benno Mason,Top Line Facilitation,UK,Singer/Songwriter,,,,,,bennomason@gmail.com,0,0,,Unique voice,https://open.spotify.com/album/7wou9hdpzN8a5QdFsZE2p2?si=Mn0zW6XYQ6eYmEI5ajVChA,7,completed,2023-11-24 20:02:58,,2023-11-24 20:04:31,2f6d045daa,
54i0qsojex0g6kx4e54i0qsh7zzwvtkj,daniel@evolvedmusicgroup.com,Bryonii,Top Line Facilitation,UK,Singer/Songwriter,,,,,,bryoniimusic@gmail.com,0,0,,"very vesatile, creative / ethereal element to her lyrics and a unique vocal quality",https://open.spotify.com/artist/2o00IFmXtfxMYHOtLwHzE5?si=tIMh3clAT5iAPx8YjafMJg,9,completed,2023-11-24 19:25:47,,2023-11-24 19:26:19,2f6d045daa,
pvhuo4g6r6noldqcgbrlpvhuo4g6p2vm,daniel@evolvedmusicgroup.com,Tasia,Top Line Facilitation,UK,Singer/Songwriter,,,,,,tasiabanning@gmail.com,1,0,,"Diverse voice, has deep understanding of music",https://open.spotify.com/artist/0JtBbFWe6AWZ6J7ZeyNL4l?si=RekUhrDJTja8yAOGFWexEA,9,completed,2023-11-24 19:17:56,,2023-11-24 19:20:01,2f6d045daa,
1761ybj2gjs031761yb4y0ya2achbfn4,daniel@evolvedmusicgroup.com,Hattie,Top Line Facilitation,UK,Singer/Songwriter,,,,,,hattieacowley@gmail.com,0,1,https://www.instagram.com/reel/CwyAAXEI8df/?igshid=MzY1NDJmNzMyNQ==,extremely energetic on stage and interactive with the audience.,https://open.spotify.com/artist/0JtBbFWe6AWZ6J7ZeyNL4l?si=kKtyClNnSoq4VhcmkcPx3g,8,completed,2023-11-24 19:12:20,,2023-11-24 19:17:31,2f6d045daa,
2e01sfu1yray830sgo02e01sxjuua8nn,daniel@evolvedmusicgroup.com,David Mauer,Top Line Facilitation,UK,Singer/Songwriter,,,,,,djmauermusic@gmail.com,0,0,,Interesting voice + multi instrumentalist,https://www.youtube.com/watch?v=8bhh_8hIZ7M,9,completed,2023-11-24 19:08:44,,2023-11-24 19:11:03,2f6d045daa,
qsfd8r76m8kd716yl5vqsfd89qcf9d10,daniel@evolvedmusicgroup.com,Vincent J,Top Line Facilitation,UK,Singer/Songwriter,,,,,,jabrevincent@gmail.com,0,1,represented by a manager: Daniel Korkhov  (dk@whitekidrec.com),Merges cultural identity with his music (is lebanese),https://open.spotify.com/artist/1s2ykKkVbHwkB0cGdfJyZd?si=xhm5nno2RW6qDpOFJ_kSyw,7,completed,2023-11-24 19:02:46,,2023-11-24 19:07:44,2f6d045daa,
vgzjpulls1x9wbytvgzjpuwbgz4ydoqx,dan@evolvedmusicgroup.com,Nonye Toria,Top Line Facilitation,UK,Singer/Songwriter,,,,,,victoria@nonyetoria.com,0,0,,She has a very current but distinctly british afrohouse vocal,https://open.spotify.com/artist/0r04hkLO60TZJloS4X6POb?si=RM2zimfjQzOhhY2mxmASXg,7,completed,2023-11-23 16:38:29,,2023-11-23 16:40:13,9d7550f5d9,
1yqyfbsjdz2x6w1yqyfbr1rzcvlkg0gz,danielsireau@gmail.com,SARAH ANGEL,Top Line Facilitation,UK,Singer/Songwriter,,,,,,sarahangelstyling@outlook.com,1,1,Self managed + studies music business management,"ble to produce, write, sing, perform, create visuals, release and promote my music via sync opportunities.",https://open.spotify.com/artist/09MG8oSCelUg3qZ7nh2U4H?si=WfcVY1LIQUme62DqfExWLA,9,completed,2023-11-23 16:24:59,,2023-11-23 16:28:31,b4b623158a,
3wod2hokq3mrt3kdd3wod2hokf68bkto,danielsireau@gmail.com,Camilla Lacroux,Top Line Facilitation,UK,Singer/Songwriter,,,,,,Camillatomasini9@gmail.com,0,0,,Sings in Italian English and Spanish,https://instagram.com/camillalacroux?igshid=OGQ5ZDc2ODk2ZA==,8,completed,2023-11-23 16:21:23,,2023-11-23 16:24:52,b4b623158a,
l2y3260rmx9lxrw3k4l2y3260jwa1xsn,dan@evolvedmusicgroup.com,Kelsey Arsenault,Top Line Facilitation,N/a,Singer/Songwriter,,,,,,kelseyarsenaultmusic@gmail.com,0,0,,She has a wonderful tonality,https://open.spotify.com/artist/17R4I1bdXSqNxSc9GXsk38?si=HDIq9uEQTE--S1l2GD5wZA,6,completed,2023-11-23 16:21:10,,2023-11-23 16:22:40,9d7550f5d9,
kbm8d68al3h84qy7wkbmhoc6hpyudena,dan@evolvedmusicgroup.com,Meredith Call,Top Line Facilitation,USA,Singer/Songwriter,,,,,,mere.call@gmail.com,0,0,,She is an amazing songwriter and topliner who i've worked with before a long time ago,https://open.spotify.com/artist/6doEQGssxWpboPeYMaPfc0?si=co3e9aJsQOSbZgBXsBLd6Q,7,completed,2023-11-23 16:18:29,,2023-11-23 16:20:09,9d7550f5d9,
n42mzh2f50l4t6w90a5now8n42mzh2gx,dan@evolvedmusicgroup.com,Yana Chernysheva,Top Line Facilitation,N/a,Singer/Songwriter,,,,,,yanachernysheva@yahoo.com,0,0,,She has a very cool vocal,https://open.spotify.com/artist/72WiKf2t7gO4HoInVFyKzu?si=L14AbxSDTVK0KzBhCB65qQ,6,completed,2023-11-23 16:11:12,,2023-11-23 16:12:35,9d7550f5d9,
4ih49nbn38vau4gxl4ih49nlz8h53brd,dan@evolvedmusicgroup.com,Clara Sofie,Top Line Facilitation,N/a,Singer/Songwriter,,,,,,info@supportevent.dk,0,0,,She has a very solid topline vocal and timbre,https://open.spotify.com/artist/1adncZQpQ0JKUUCTJyPho4?si=f8uzI1GTS8al-l_1de5U_A,7,completed,2023-11-23 16:09:53,,2023-11-23 16:10:56,9d7550f5d9,
0jq2bt6trxfwltoadniil0jq2bt6va6n,danielsireau@gmail.com,Ayse Aslihan,Top Line Facilitation,Turkey,Singer/Songwriter,,,,,,yoranaslihan@gmail.com,1,1,"has a manager, no publisher",Multilingual,https://open.spotify.com/artist/0B8F7jseyE6i4rO38jgDaY?si=83T-S7qZRDaQEAGZbUmQ7A,8,completed,2023-11-23 16:08:32,,2023-11-23 16:12:11,b4b623158a,
pktymevgv7g4e6g8u1eppktymevs6wdt,dan@evolvedmusicgroup.com,Claire Follett,Top Line Facilitation,N/a,Singer/Songwriter,,,,,,clarefollettmusic@gmail.com,0,0,,She has a very solid vocal,https://open.spotify.com/artist/2W3p3Wg7b48N21gQOokySv?si=qFW7kvvxSiiNwt7hbXlcjA,6,completed,2023-11-23 16:06:34,,2023-11-23 16:07:36,9d7550f5d9,
77rquls0ln8lco6g77r225o3dxsavzu5,dan@evolvedmusicgroup.com,Meredith Bull,Top Line Facilitation,N/a,Singer/Songwriter,,,,,,Meredithbull08@gmail.com,0,0,,She has a very solid topline vocal,https://open.spotify.com/artist/7qZdPKLV8xVaqsV98Dz9or?si=TW8u4XGaTR-aNvvH25MPnQ,7,completed,2023-11-23 16:05:10,,2023-11-23 16:06:20,9d7550f5d9,
kjvcq2jeapac74kjvcmeocot2bp9l9jy,dan@evolvedmusicgroup.com,Eline Flohr,Top Line Facilitation,N/a,Singer/Songwriter,,,,,,flohreline@gmail.com,0,0,,She has a very quirky vocal,https://open.spotify.com/artist/2mWq2wSKJhG7WSFRoO79Da?si=END-w7hrT92oGgtiduNvNw,5,completed,2023-11-23 16:03:42,,2023-11-23 16:04:58,9d7550f5d9,
ranumsf50fknohranumsrh4acxbsqux2,dan@evolvedmusicgroup.com,Annerley,Top Line Facilitation,N/a,Singer/Songwriter,,,,,,info@annerleymusic.com,0,0,,She has a very cool recording vocal,https://open.spotify.com/artist/0IDYPwtcwGuMOn29dNLKlP?si=KU_oc3cWTsu7sRMV6ing7w,6,completed,2023-11-23 15:56:33,,2023-11-23 15:57:42,9d7550f5d9,
g7zct37777p2kkgrcg7zct3h1gq21gvo,dan@evolvedmusicgroup.com,Sivan Helman,Top Line Facilitation,Israel,Singer/Songwriter,,,,,,SivanHelman.official@gmail.com,0,0,,She has a very distinctive topline ability,https://open.spotify.com/artist/79b6yqBE8jpEiaqMER4dXa?si=ObCu65ycT1KHmajgRlhGYg,6,completed,2023-11-23 15:54:45,,2023-11-23 15:56:17,9d7550f5d9,
ufxemxlf7lyzsvf8m2mufxemxl28ynem,dan@evolvedmusicgroup.com,MJ Smallman,Top Line Facilitation,UK,Singer/Songwriter,,,,,,MJSMOFFICIAL@outlook.com,0,0,,He has a great songwriting ability despite his average vocal ability,https://open.spotify.com/artist/5M2IWGeUzwIW8bXwiRpCp7?si=MAnV3SWbQzaFhkloUKuMWg,5,completed,2023-11-23 15:52:42,,2023-11-23 15:54:04,9d7550f5d9,
a7s8gzmmni80pja7s8ls02w9584qwdoc,dan@evolvedmusicgroup.com,LZRZ,Top Line Facilitation,N/a,Singer/Songwriter,,,,,,lzrzmusic@gmail.com,0,0,,She has a very cool topline sound,https://open.spotify.com/artist/02Y4AdQs7ofsz3OBWbE5Yl?si=IhKa_izkQ9m66pjE6MqcBA,6,completed,2023-11-23 15:51:24,,2023-11-23 15:52:27,9d7550f5d9,
7b2lid8arze9p01z67b2li5ofxagclw3,dan@evolvedmusicgroup.com,Deirdre McLaughlin,Top Line Facilitation,N/a,Singer/Songwriter,,,,,,deirdremclaughlinonline@gmail.com,0,0,,She has a very cool topline vocal ability,https://open.spotify.com/artist/3fi3OMEVLVeKBZtxdY2q7z?si=hEsWT9ubSk2ScqgiuwW_MQ,6,completed,2023-11-23 15:49:34,,2023-11-23 15:51:11,9d7550f5d9,
doc9ao1ivrruqyaw8dakejdoc9ao4poc,dan@evolvedmusicgroup.com,Zara,Top Line Facilitation,N/a,Singer/Songwriter,,,,,,zaramarlena@gmail.com,0,0,,She has a very cool songwriting ability with a solid vocal,https://open.spotify.com/artist/6wrD0NOeNUdjXAOJdA2J38?si=4cBZNmPzSRCCyMCY3AkI0g,6,completed,2023-11-23 15:47:28,,2023-11-23 15:49:19,9d7550f5d9,
kk4n0zx0iw3kku5neluyb56n66ugqeu5,dan@evolvedmusicgroup.com,Leah,Top Line Facilitation,N/a,Singer/Songwriter,,,,,,leahtribe@excathedra.ca,0,0,,She has a really unique sounding vocal,https://open.spotify.com/artist/4rnb5c9mxs8HXfzP5cTAEP?si=SYIlPpI9TL2lKZGdaI4CJA,6,completed,2023-11-23 15:45:34,,2023-11-23 15:47:10,9d7550f5d9,
z6n8qmgr63py74bq7z6n8qmgj4n7zsxt,dan@evolvedmusicgroup.com,Sarah Shields,Top Line Facilitation,N/a,Singer/Songwriter,,,,,,contact@sarahshieldsmusic.com,0,0,,She has a solid vocal,https://open.spotify.com/artist/5B8gKIsE2vzGP3FQxxLtLz?si=Q58knHhdQqSDjSNE7BCjyA,6,completed,2023-11-23 15:43:59,,2023-11-23 15:45:22,9d7550f5d9,
mehv04fbzjgktyvmykmehv04udeklcim,dan@evolvedmusicgroup.com,Sarah-Jane Nield,Top Line Facilitation,N/a,Singer/Songwriter,,,,,,sarahjneild@hotmail.co.uk,0,0,,She has a very cool and solid sound plus some great collab hits to her name,https://open.spotify.com/artist/6UfHS5V2He88gbLDqivLAN?si=sy73DOpqTe-8W5STtJyotQ,5,completed,2023-11-23 15:41:28,,2023-11-23 15:43:01,9d7550f5d9,
wcnjm229k5zl6n49n71wcnjm2dwy2d9v,dan@evolvedmusicgroup.com,Fiora,Top Line Facilitation,Holland,Singer/Songwriter,,,,,,connected@fioramusic.com,0,0,,She has a very solid vocal as well ahs having a great catalogue of hits under her belt from the last 10 years or so,https://open.spotify.com/artist/2r7POU2f5jV6x3k4vsNwrM?si=9V187aN8TPSA1PQgYrTXbA,7,completed,2023-11-23 15:39:30,,2023-11-23 15:41:13,9d7550f5d9,
zt1xljri0pfmc2q1b20kkfzt1xljri13,dan@evolvedmusicgroup.com,Jaik WiIlis,Top Line Facilitation,N/a,Singer/Songwriter,,,,,,littlehouseproductions@yahoo.com,0,0,,Solid vocal and some strong releases thus far,https://open.spotify.com/artist/3BD4ZAvWQ5aWqNsmKPd2Un?si=Q6yavK4SR8aOwro9Boms_w,5,completed,2023-11-23 15:37:43,,2023-11-23 15:39:17,9d7550f5d9,
28qr1omyi0w0u3d28qr1oxe5584ii5vw,dan@evolvedmusicgroup.com,Waltin Jay,Top Line Facilitation,N/a,Singer/Songwriter,,,,,,waltinjay@yahoo.com,0,0,,Solid vocal and releases thus far,https://open.spotify.com/artist/2HOC92a0sxfRRfbA5o6FPJ?si=nsQ_3A2PRnWCQ8TUuQATlw,6,completed,2023-11-23 15:36:16,,2023-11-23 15:37:23,9d7550f5d9,
1eovtypyxcu9ok887p1eov5cm0ykkwpf,dan@evolvedmusicgroup.com,Tara Louise,Top Line Facilitation,UK,Singer/Songwriter,,,,,,tara@taralouisemusic.com,0,0,,She has a very cool vocal with solid releases to her name,https://open.spotify.com/artist/6rCzXE6L3H7Eihb4BgGTRU?si=wo7gJa6ARoaH30VFnbsgqg,7,completed,2023-11-23 15:34:16,,2023-11-23 15:35:34,9d7550f5d9,
ef0ndwak7vppru4xkef0ndwajvxmnwg7,dan@evolvedmusicgroup.com,Kimberely Hale,Top Line Facilitation,UK,Singer/Songwriter,,,,,,kimberlykhale@gmail.com,0,0,,She has a solid vocal with some cool collabs to her name,https://open.spotify.com/artist/0oTZQXA4cwWlAx2bFu4DkR?si=fr97uGhAQr2lb3KJvGgRbQ,6,completed,2023-11-23 15:32:39,,2023-11-23 15:34:03,9d7550f5d9,
bkxh1rp2njbqkj1d1y2zbkxh1r25xpz1,dan@evolvedmusicgroup.com,Moya Brennan,Top Line Facilitation,Ireland,Singer/Songwriter,,,,,,info@moyabrennan.com,0,0,,She has an incredibly ethereal vocal and boy has she written some stunning songs over the years too,https://open.spotify.com/artist/3ZvmmlF8EMEpnnK90jfuJv?si=pOHGTuJlTTuQhdtpv7Zocw,8,completed,2023-11-23 15:29:58,,2023-11-23 15:31:19,9d7550f5d9,
3l74jq2kauuyau7ekg3l74j7pu93qnin,dan@evolvedmusicgroup.com,Cate Kanell,Top Line Facilitation,UK,Singer/Songwriter,,,,,,catekanellmusic@gmail.com,0,0,,She has some already pretty solid collabs to her name,https://open.spotify.com/artist/3nwnj3hnYi0FTYCyQSWRv8?si=vSe-8FBLTauiOo-7SpiO1A,7,completed,2023-11-23 15:28:31,,2023-11-23 15:29:44,9d7550f5d9,
s4m9m6bt8ncjn9m7y5s4m9m6bzyn940h,dan@evolvedmusicgroup.com,Lauren Ni Chasaide,Top Line Facilitation,N/a,Singer/Songwriter,,,,,,Laurennichasaide.ceol@gmail.com,0,0,,She has a very cool sound with some solid releases to her name,https://open.spotify.com/artist/0vVsmJRQf9thsYUe6mbOIJ?si=h-LvxmUvSUiYFovs1YZJ-Q,6,completed,2023-11-23 15:26:47,,2023-11-23 15:28:18,9d7550f5d9,
ub0l4n1xwvyvj4l1rusv8ub0b79wv2wa,dan@evolvedmusicgroup.com,Alana Aldea,Top Line Facilitation,Australia,Singer/Songwriter,,,,,,alana.aldea@gmail.com,0,0,,She is an awesome lady as i know her personally and sh writes some very cool collabs,https://open.spotify.com/artist/2WJ6A552ygLfKxcd9nCSqD?si=d3cqjLTmRhmPIPEhea2muQ,6,completed,2023-11-23 15:25:05,,2023-11-23 15:26:30,9d7550f5d9,
ca6vy6yc574nuz83xt7xo1iaca6vy6yf,dan@evolvedmusicgroup.com,Emma Horan,Top Line Facilitation,N/a,Singer/Songwriter,,,,,,hello@emmahoran.com,0,0,,She has a really cool vocal and she's also had some collab success,https://open.spotify.com/artist/6RXuRgsuIKZFOAzZHRGeXA?si=QLIUJgnVTXivsl-eEyz1AA,7,completed,2023-11-23 15:18:28,,2023-11-23 15:19:38,9d7550f5d9,
tj4i9q9l8owye18xb9uex28tj4i9qrxf,dan@evolvedmusicgroup.com,BullySongs,Top Line Facilitation,N/a,Singer/Songwriter,,,,,,bullysongs@gmail.com,0,0,,They write and record commerical songs for solid artists worldwide,https://open.spotify.com/artist/5YMqwPmb7ViNXM63g1MUH5?si=t1aVLBVERl2NONJKANQFZA,8,completed,2023-11-23 15:16:57,,2023-11-23 15:18:14,9d7550f5d9,
xry4reok6gtksu3h2n3xry4r8lvrxuhy,dan@evolvedmusicgroup.com,Jaren,Top Line Facilitation,Canada,Singer/Songwriter,,,,,,info@jarenmusic.com,0,0,,She is an incredible songwriter and singer and she has many hits to her name in the electronic field,https://open.spotify.com/artist/0YY5XUHt2suAzSiPMLx5Wm?si=HESS-QacTsCpeCk3BGD9iQ,8,completed,2023-11-23 15:15:27,,2023-11-23 15:16:44,9d7550f5d9,
7c9hkietxk5to3zeju7c9hq90s3l3xf1,dan@evolvedmusicgroup.com,Tricia McTeague,Top Line Facilitation,UK,Singer/Songwriter,,,,,,tricia@triciamcteague.com,0,0,,She has a very cool vocal and she has some solid collabs to her name also,https://open.spotify.com/artist/4HtWgflucbnz9e5IjPUOfQ?si=TyHNMaZnT8Or-JdoRG80_g,6,completed,2023-11-23 15:13:56,,2023-11-23 15:15:16,9d7550f5d9,
1khugm2vzli7nzcehi4x71khugm2vu8d,dan@evolvedmusicgroup.com,chelseahollandofficial@hotmail.com,Top Line Facilitation,UK,Singer/Songwriter,,,,,,chelseahollandofficial@hotmail.com,0,0,,She has some very cool collabs to her name and the trance scene likes her,https://open.spotify.com/artist/003pIw7FyWyjYvjQHtx2DA?si=qQn1ekztSPaSCwf1j9jsCg,6,completed,2023-11-23 15:12:27,,2023-11-23 15:13:44,9d7550f5d9,
bdpgybyhfraympbdpgycrb2z4zftqi1j,dan@evolvedmusicgroup.com,Denise Rivera,Top Line Facilitation,N/a,Singer/Songwriter,,,,,,info@deniserivera.nl,0,0,,She has some really solid collabs to her name,https://open.spotify.com/artist/0sGdLU2mH2tIIzCngJn2rS?si=burWJQchSpqe6anB35oAVg,6,completed,2023-11-23 15:10:20,,2023-11-23 15:11:29,9d7550f5d9,
8x837a6m2ff8x837kbvd9aey7l7um71o,dan@evolvedmusicgroup.com,Paula Alcasid,Top Line Facilitation,N/a,Singer/Songwriter,,,,,,paulafiverrmusic@yahoo.com,0,0,,She has some solid releases to her name,https://open.spotify.com/artist/4KZCegYJFMJAuYf4WPThzG?si=J4zHLq7qR_aicrAL-V_ePg,6,completed,2023-11-23 15:08:40,,2023-11-23 15:10:06,9d7550f5d9,
u27gk484pwjdnvkgemnu27gk4z9n90gf,dan@evolvedmusicgroup.com,Jaime Deraz,Top Line Facilitation,N/a,Singer/Songwriter,,,,,,jaimederaz@gmail.com,0,0,,She has some very solid releases under her belt thus far,https://open.spotify.com/artist/4J7ascv32yT6yE75KRCktv?si=nB1wJMZtTJ-55GUT2CS8tg,7,completed,2023-11-23 15:07:12,,2023-11-23 15:08:33,9d7550f5d9,
acm962lknbyyk30a0tejdacm96254qbv,dan@evolvedmusicgroup.com,Roxanne Emery,Top Line Facilitation,UK,Singer/Songwriter,,,,,,re@latenation.com,0,1,N/a,She has written and recorded some huge collabs over the years and for some stellar pop artists too,https://open.spotify.com/artist/70bIIPbBQeaFzRrIfahMEM?si=hrr7ZpM4Qa-RlBarDZgTMA,8,completed,2023-11-23 15:05:30,,2023-11-23 15:06:56,9d7550f5d9,
5v7ikqsfcvwjni4st8p2r415v7ikq4p2,dan@evolvedmusicgroup.com,Jo Cartwright,Top Line Facilitation,UK,Singer/Songwriter,,,,,,Joanne.cartwright@outlook.com,0,0,,She has some very cool collab hits to her name thus far,https://open.spotify.com/artist/5SBiWiP4g0yyhvrRV0fHNF?si=CJXy2CoaSnCqTnB1bnG-ig,6,completed,2023-11-23 15:03:57,,2023-11-23 15:05:11,9d7550f5d9,
0yqkc3m0us3j29dqvv0yqkn6ir18ll86,dan@evolvedmusicgroup.com,Victoria Shersick,Top Line Facilitation,N/a,Singer/Songwriter,,,,,,victoriyamusic@gmail.com,0,0,,She has some very cool collabs to her name,https://open.spotify.com/artist/2YE78eNDDm2l24j7s1bGIV?si=GXTmcfuKSga-DuldpzUk1A,5,completed,2023-11-23 15:02:22,,2023-11-23 15:03:36,9d7550f5d9,
01d2qjf5x77p0cb6yn01d2qde07hllfi,dan@evolvedmusicgroup.com,Seri,Top Line Facilitation,USA,Singer/Songwriter,,,,,,seritheartist@gmail.com,0,0,,She has some solid collabs to her name thus far,https://open.spotify.com/artist/320fB6pkVQ7vp95y2N9qkC?si=1TlAo-IGRXSXUzZVE4pXzA,6,completed,2023-11-23 15:00:09,,2023-11-23 15:02:04,9d7550f5d9,
pbufpdjxg2fx6rzdhpbupdig02viwavk,dan@evolvedmusicgroup.com,Betsie Larkin,Top Line Facilitation,USA,Singer/Songwriter,,,,,,booking@betsie-larkin.com,0,0,,She has major collabs to her name from the past 15 years or so,https://open.spotify.com/artist/60pOmdZFfpHQdN9QOnMJcP?si=pHN1f9-DRmesM2NKYXImyw,7,completed,2023-11-23 14:54:45,,2023-11-23 14:55:53,9d7550f5d9,
31k405ginxduwgw5wicg2ufl31k405gi,dan@evolvedmusicgroup.com,Holy Waters,Top Line Facilitation,UK,Singer/Songwriter,,,,,,gp@latenation.com,0,0,,She has some cool collab hits to her name already,https://open.spotify.com/album/0lKhpZwGFHDSKctDYk1dhy?si=Y_sho6ogT1eJaS9dFQSptw,7,completed,2023-11-23 14:53:11,,2023-11-23 14:54:27,9d7550f5d9,
wnp891efj402qcrz4wnp89y7c6fygurb,dan@evolvedmusicgroup.com,Jan Johnson,Top Line Facilitation,UK/Spain,Singer/Songwriter,,,,,,janjohnston730@gmail.com,1,0,,She has many huge collab hits to her name over the past 20 years,https://open.spotify.com/artist/5n7DYjAs74cvL0eRnqoahn?si=g0UMBUcHSBqJ99IMgiVS6Q,7,completed,2023-11-23 14:51:07,,2023-11-23 14:52:58,9d7550f5d9,
qs2w9t303cdvbky9nqs2w9e0eldmxhif,dan@evolvedmusicgroup.com,Kate Miles,Top Line Facilitation,UK,Singer/Songwriter,,,,,,katemileskate@gmail.com,0,0,,She has some fab collab tracks to her name already proving her worth,https://open.spotify.com/artist/4prkqxOdmg8Gb5Rj2KXDIt?si=52iHYe8dT8SeF7dHN2x9MA,6,completed,2023-11-23 14:49:40,,2023-11-23 14:50:56,9d7550f5d9,
yjp9vyxulei9xadufw2yjp9vygw20t5j,dan@evolvedmusicgroup.com,Ellie Lawson,Top Line Facilitation,UK,Singer/Songwriter,,,,,,ellie@ellielawson.com,0,0,,She has a number of solid collab tracks to her name already,https://open.spotify.com/artist/0wLfNRnhPfYTjhUQLikpqU?si=EWNLIRrWSuqVf531Tbzv2Q,6,completed,2023-11-23 14:48:10,,2023-11-23 14:49:28,9d7550f5d9,
zsykf4o2i6riqf3ldxhzsykf41lebdo0,dan@evolvedmusicgroup.com,Sarah Lynn,Top Line Facilitation,UK,Singer/Songwriter,,,,,,Sarah_Lynn@live.co.uk,0,0,,She has some beautiful collab hits to her name already,https://open.spotify.com/artist/2uJPnLW3muLMdYB3H61h5K?si=B6CdPjlGQluW3NlIkQ80PQ,7,completed,2023-11-23 14:45:03,,2023-11-23 14:46:09,9d7550f5d9,
zxyfcvptw8bifpdp2btugdu89fxzxyfc,dan@evolvedmusicgroup.com,Jess Morgan,Top Line Facilitation,UK,Singer/Songwriter,,,,,,jess@jessmorgan.co.uk,0,0,,She has some solid collab titles to her name thus far,https://open.spotify.com/artist/3sqUBL66V3rTDWwwG4XGaR?si=B8afKoV2QcCs1URyUd1Rkg,6,completed,2023-11-23 14:43:35,,2023-11-23 14:44:52,9d7550f5d9,
zl0iewx0s8sboba87drzl0iedz89286d,dan@evolvedmusicgroup.com,Chris Madin,Top Line Facilitation,UK,Singer/Songwriter,,,,,,chrismadin2000@yahoo.co.uk,0,0,,He has some huge collab tracks to his name with well established Producer/Djs already and i know him personally,https://open.spotify.com/artist/25qqPNs2wxiBrTlCa5GHeg?si=4mUbWnXFTIWPS1NGLIC1Jg,8,completed,2023-11-23 14:42:02,,2023-11-23 14:43:22,9d7550f5d9,
5t3p4jmd9gu0at5t3sgwyzb08dptkncn,dan@evolvedmusicgroup.com,Zoe Johnston,Top Line Facilitation,UK,Singer/Songwriter,,,,,,zoejohnstonofficial@gmail.com,0,0,,She is a truly special and very unique singer/songwriter who's worked with A&B,https://open.spotify.com/artist/3dWyWwLvZWsWtXZHhmAiFL?si=nkMONi2lSnKccOaPFtF3sQ,9,completed,2023-11-23 14:40:21,,2023-11-23 14:41:39,9d7550f5d9,
pk6x1ghwl4ebpfapk6x1vylugpv6pmdl,dan@evolvedmusicgroup.com,Roberta Harrison,Top Line Facilitation,UK,Singer/Songwriter,,,,,,roberta_harrison@me.com,0,0,,she has many solid collab hits to her name over around x15 years,https://open.spotify.com/artist/2Viz3DUMkfkprYoeoLiOBT?si=IKgSid7dSLKCM5mov-0pgw,7,completed,2023-11-23 14:38:50,,2023-11-23 14:40:07,9d7550f5d9,
lbmm1gsem1btthhoubalbmm1gs5o91eh,dan@evolvedmusicgroup.com,Sarah Russell,Top Line Facilitation,UK,Singer/Songwriter,,,,,,sarahrussell@live.co.uk,0,0,,She has some fabulous collab bangers under her belt thus far,https://open.spotify.com/artist/130O0cb6ht7pUyIJmpbQuP?si=Z8lZE3ZOR-21gpZWl8tq-g,6,completed,2023-11-23 14:37:20,,2023-11-23 14:38:35,9d7550f5d9,
tf4sa1au7kthr86trur3tf4sa13qjqmh,dan@evolvedmusicgroup.com,KNVWN,Top Line Facilitation,N/a,Singer/Songwriter,,,,,,writemysong@knvwn.com,0,0,,They have big hits under their belts already with solid producer/djs,https://open.spotify.com/artist/444i4Z0PpdoJxAFiqAL0pf?si=fQimnlEwTRiiUBQcW00qaA,7,completed,2023-11-23 14:35:17,,2023-11-23 14:37:07,9d7550f5d9,
hah66wyllvdhvupteghah66vpr453lht,dan@evolvedmusicgroup.com,Bo Bruce,Top Line Facilitation,UK/USA,Singer/Songwriter,,,,,,weareequador@gmail.com,0,0,,She has many big collab hits under her belt to date,https://open.spotify.com/artist/4N2lZcytbZifGelhVEpMeK?si=RTLrsxPUQI2rkhhDVXoflw,8,completed,2023-11-23 14:33:51,,2023-11-23 14:35:07,9d7550f5d9,
870hw3dxppoxoe8870hw3uixem9fxiru,dan@evolvedmusicgroup.com,Katty Heath,Top Line Facilitation,UK,Singer/Songwriter,,,,,,kattyheath@gmail.com,0,0,,She has many collab hits under her belt with solid producer/djs,https://open.spotify.com/artist/31cvPCTwxqNl84W1pMYUtv?si=cUQlf7OPRCuSfVn2PVgAGQ,7,completed,2023-11-23 14:32:01,,2023-11-23 14:33:25,9d7550f5d9,
cvlnfaonwqenehcvl7qzm7qlpm2ojtiq,ohmygodpixel@gmail.com,ohmygodpixel,Artist Development & Management,london,Singer/Songwriter,,,,,,ohmygodpixel@gmail.com,1,0,,can rap like a beast and good image,https://youtu.be/Ef2emOwJ3ts?si=kp3zBHfM0ewp-6pa,10,completed,2023-11-23 14:06:32,,2023-11-23 14:21:50,9f4b4ddbb4,
aqlipw5fsfe2hik49maqlipw5fcdpeqx,danielsireau@gmail.com,Gecko and the Bee,Top Line Facilitation,UK,Singer/Songwriter,,,,,,geckoandthebee@gmail.com,1,0,,provides a space for people to be silly and have fun at a show and being inclusive for the LGBTQ+ community.,https://www.youtube.com/watch?v=cRDbApW59BM,7,completed,2023-11-23 14:05:46,,2023-11-23 14:08:21,43da350d13,
8jpvpmjmzxec6uc8jpzz66l3ga07d830,danielsireau@gmail.com,Angela Powis,Top Line Facilitation,UK,Singer/Songwriter,,,,,,angelapowismusic@outlook.com,0,0,,"Create healing in everyone with connecting to listeners and supporters really honest and authentic I do have original ideas and many of them. My vocal doesnt sound like everyone else, you know it is me.",https://youtu.be/-mDWa1NAoPs?si=gbhKXLzCzHqe8fZp,8,completed,2023-11-23 13:58:40,,2023-11-23 14:01:37,43da350d13,
5emdtjki7ywyhtwswcqesjl05emdtjki,danielsireau@gmail.com,Dinev,Top Line Facilitation,UK,Singer/Songwriter,,,,,,adriadinev@gmail.com,1,0,,"combine traditional folk music with electronic elements, creating a unique and innovative sound that appeals to a diverse audience;",https://www.adriadinev.com,9,completed,2023-11-23 13:54:57,,2023-11-23 13:57:29,43da350d13,
wzyox7zynr87lnvwzyotrqcnxdbbet9s,danielsireau@gmail.com,Layzee Ella,Top Line Facilitation,Nigeria,Singer/Songwriter,,,,,,mgmt.layzee@gmail.com,0,1,Just management,Style and charisma,https://open.spotify.com/artist/5pvPu7OzfK3aKQaqKaEP4u?si=_jhNXi7hSrmJNCZCKB22Qg,9,completed,2023-11-23 13:50:54,,2023-11-23 13:54:12,43da350d13,
z79r0o1tgx1nbp0tp0z79r0o1trufq5s,francescopiodefilippis@gmail.com,Hefko,Top Line Facilitation,Italy/UK,Singer/Songwriter,,,,,,francescopiodefilippis@gmail.com,0,0,,"Healthy masculinity, sexual freedom, unusual sonorities",https://open.spotify.com/track/1NHy1e2tDHUWrXPKIxQiS2?si=a16M51SESOqy6Xvz56Hz5w,8,completed,2023-11-23 13:43:52,,2023-11-23 13:48:26,ad9a54bcd8,
vu0xz7iks7mc8xlnf6z4ztvu0xwb773j,danielsireau@gmail.com,DARNELL (And the singer who sang what he wrote is called SUSAN NGUYEN),Top Line Facilitation,UK,Singer/Songwriter,,,,,,MESSAGEDARNELL@GMAIL.COM,0,0,,ALBINISM,https://soundcloud.com/darnell-swallow/sets/everything-sync-music-licensing/s-G3M2s6bHyWn?si=01ed8d08168642818e3ef94e2c8f779c&utm_source=clipboard&utm_medium=text&utm_campaign=social_sharing,9,completed,2023-11-23 12:59:11,,2023-11-23 13:01:30,f9273b30da,
k73jajk5qm67cl04k73jad4vct44ex6h,danielsireau@gmail.com,JACK,Top Line Facilitation,UK,Singer/Songwriter,,,,,,jackarpeggio@gmail.com,0,0,,"""brings an element of passion and creativity that longs inside his blood""",https://www.youtube.com/channel/UCuuqehYk5XF3A02K0-f8PYQ,8,completed,2023-11-23 12:56:00,,2023-11-23 12:58:23,f9273b30da,
u5aisvlq6d1oepczaotbwvu5aisv2po6,danielsireau@gmail.com,Anita Traci,Top Line Facilitation,UK,Singer/Songwriter,,,,,,anitatraci@gmail.com,0,0,,"natural ability to shine in collaborative work, unique writing style, former gospel choir background (sang alto/soprano), brings valuable information regarding the pre 80's music industry styles being from a musical family .",https://open.spotify.com/artist/5VK6akDQdEoF4VrDt4sKVs?si=7QEzDSsBSB2_CKgkWTHHbQ,8,completed,2023-11-23 12:21:52,,2023-11-23 12:27:55,f9273b30da,
sc772v18chf5h396qscsc772zbl7pm1p,danielsireau@gmail.com,Alexandra (previous releases were under Nalani,Top Line Facilitation,UK,Singer/Songwriter,,,,,,alexandra13dinu@gmail.com,0,0,,"Sings in Romanian and English, has very commercial voice",https://www.instagram.com/reel/CzBc64Uo5zE/?igshid=MzRlODBiNWFlZA==,8,completed,2023-11-23 00:04:06,,2023-11-23 00:06:48,df6cc643ce,
vvg0u5fvoqhygpjwv07kvvg099z2uiki,vladtteodor@gmail.com,Alexandra,Artist Development & Management,United Kingdom,Singer/Songwriter,,,,,,alexandra13dinu@gmail.com,0,0,,"Charisma, Voice, Songwriting skills, good looking",https://www.instagram.com/reel/CzBc64Uo5zE/?igshid=MzRlODBiNWFlZA==,9,completed,2023-11-22 23:34:16,,2023-11-22 23:37:35,a915adb6d3,
aggx39h7oy9qebmxgi9upz3aggx39hvo,prasenjit@evolvedmusicgroup.com,Mori Mori,Sync Licensing,Canada,Producer/DJ,,,,,,wcmoriarty@gmail.com,1,0,,"excellent hiphop producer, skilled live sound tech, original style and highly creative, large back catalog of syncable beats",https://www.instagram.com/reel/Ct9dIkorpTs/?igshid=N2ViNmM2MDRjNw==,8,completed,2023-11-22 23:27:25,,2023-11-22 23:36:39,b31cc59be9,
2qkalb4m04iglmtg4m82qkalbt819w4v,prasenjit@evolvedmusicgroup.com,Precursor (NL),Artist Development & Management,,Producer/DJ,,,,,,,1,0,,"analog/modular skills, active online with reddit-AMAs, hardworking",https://www.reddit.com/r/electronicmusic/comments/ve9lp5/hi_im_precursor_nl_and_im_ready_to_answer_all/,7,completed,2023-11-22 23:11:49,,2023-11-22 23:17:33,b31cc59be9,
kfl0e3eoogrf7qkd3kfl0e3qip3hmtxv,danielsireau@gmail.com,The Ex-Presidentz,Top Line Facilitation,United Kingdom,Producer/DJ,,,,,,christianbraid79@gmail.com,0,0,,"They work as a duo, they produce and write 100% of their music. Then get singers in to record the vocals. They stated to me ""We're not kids, we know the game. We're both sober! We both work our arses off and we deliver on time, every time.""",https://the-ex-presidentz.disco.ac/playlist-new/15318537?date=20231121&user_id=1265740&signature=Z_qKGOQX2hKBP0_Rp2ZkXEd2RvY%3AKzRK1ckI,8,completed,2023-11-22 01:57:22,,2023-11-22 02:01:34,bb42e367ab,
19cquj9mz5ul51g0es3fi19cquj9nsei,danielsireau@gmail.com,Bobbi Fallon,Top Line Facilitation,"United Kingdom, London",Singer/Songwriter,,,,,,Sophie@raibinproductions.com,1,1,"She has a manager called Sophie Raibin, who was the one I contacted and who's email I provided above. She does not have a Publisher.","Extremely diverse voice, her YouTube alongside her Spotify really showcases that",https://www.youtube.com/@thebobbifallon/videos,10,completed,2023-11-22 00:38:53,,2023-11-22 00:47:17,bb42e367ab,
ogagbdr0fjg3rnphogagfnuh5r7dqvvw,danielsireau@gmail.com,Emily Moran,Top Line Facilitation,"United Kingdom, England",Singer/Songwriter,,,,,,emilymoran10@btinternet.com,1,0,,"My relatable lyrics, I feel that many people can relate to what I sing about",https://www.tiktok.com/@emilymorannx?_t=8hYJopzYawb&_r=1,7,completed,2023-11-21 19:07:47,,2023-11-21 19:09:00,a69c9f88a6,
zcw19a9qebjhfjm59ebzcw19abp049qw,dan@evolvedmusicgroup.com,Jessie Lee Thetford,Top Line Facilitation,Not too sure,Singer/Songwriter,,,,,,jessielthetford@gmail.com,0,0,,Commericallly savvy with a slight underground writing sensibility,,6,completed,2023-11-21 15:55:34,,2023-11-21 15:56:37,9d7550f5d9,
rv65mqx2hb76x2yjhexrv65mqavvq9t0,dan@evolvedmusicgroup.com,Cris Von X,Top Line Facilitation,Not too sure,Singer/Songwriter,,,,,,crisvonxmusic@gmail.com,0,0,,"Commercially savvy, talented singer/songwriter with a solid back catalogue of tracks under their belt",,6,completed,2023-11-21 15:53:54,,2023-11-21 15:55:13,9d7550f5d9,
iw5mppyeilrkbroiw5nykrrxesr2ashw,dan@evolvedmusicgroup.com,Neev Kennedy,Top Line Facilitation,UK,Singer/Songwriter,,,,,,neev.music@gmail.com,0,0,,She has a very strong collab back catalogue with solid Producer/DJs,,7,completed,2023-11-21 15:52:36,,2023-11-21 15:53:35,9d7550f5d9,
o8fa1h6mmi3yioo8fa11wbkarot2ynvl,dan@evolvedmusicgroup.com,Melody Mane,Top Line Facilitation,Not sure,Singer/Songwriter,,,,,,melodymanemusic@gmail.com,0,0,,Commerically savvy with an underground but overground songwriting style,,7,completed,2023-11-21 15:50:34,,2023-11-21 15:51:37,9d7550f5d9,
snr6zgnbkn2u6ftles5snr6uh4o4qxse,dan@evolvedmusicgroup.com,Gina Dootson,Top Line Facilitation,UK,Singer/Songwriter,,,,,,gina@ginadootson.co.uk,0,0,,She has a veyr quirky cool vocal and songwriting ability,,8,completed,2023-11-21 15:39:49,,2023-11-21 15:43:41,9d7550f5d9,
ul4ohoxdq0oaqpz2pkul4ohoanu44krb,dan@evolvedmusicgroup.com,Molly Bancroft,Top Line Facilitation,UK,Singer/Songwriter,,,,,,thedelicatebeat@gmail.com,0,0,,Commercial female singer/songwriter with solid collabs under belt,,7,completed,2023-11-21 15:35:18,,2023-11-21 15:38:54,9d7550f5d9,
6hqfhrgf0523hti6joh6hqfhrzvnnpsz,dan@evolvedmusicgroup.com,Eva Soul,Top Line Facilitation,USA,Singer/Songwriter,,,,,,Evasoulmusic4theworld@gmail.com,0,0,,"Very powerful, commercially savvy Singer/Songwriter with huge potential",,7,completed,2023-11-21 15:33:02,,2023-11-21 15:34:59,9d7550f5d9,
v64x1nccai1m3ubdlv64x1nc5wa74xdv,dan@evolvedmusicgroup.com,Jennifer Rene,Top Line Facilitation,USA,Singer/Songwriter,,,,,,jen@jenniferrenemusic.com,0,0,,She has a long back catalogue of commercial trance collabs under her belt,,7,completed,2023-11-21 15:26:39,,2023-11-21 15:27:56,9d7550f5d9,
evf4io8h7s1cpdvkk2zevf4ioq2ikmzo,dan@evolvedmusicgroup.com,Matvey Emerson,Top Line Facilitation,Not sure,Singer/Songwriter,,,,,,matveyemerson@gmail.com,0,0,,Commercial electronic singer/songwriter with strong collabs under his belt already,,7,completed,2023-11-21 15:24:24,,2023-11-21 15:25:35,9d7550f5d9,
6nf4mjruk08h84hy6nf4mymdwfwwowks,dan@evolvedmusicgroup.com,Tom Wolff,Top Line Facilitation,Not sure,Singer/Songwriter,,,,,,tomwolfff@gmail.com,0,0,,The artist has had many commerical collab releases throughout his career thus far,,7,completed,2023-11-21 15:22:58,,2023-11-21 15:24:08,9d7550f5d9,
zqmhwye10tyr1spf9zq6zk4ceizuup1c,dan@evolvedmusicgroup.com,Miranda Lee Richards,Top Line Facilitation,UK,Singer/Songwriter,,,,,,miranda@mirandaleerichards.com,0,0,,Has had many previous big single collabs out with various Producer/DJ's to date,,7,completed,2023-11-21 15:21:39,,2023-11-21 15:22:42,9d7550f5d9,
yo9al050x0urxmyo9g4nlhit36rc7jqg,dan@evolvedmusicgroup.com,The Hidden Tigress,Top Line Facilitation,Not sure,Singer/Songwriter,,,,,,hidden.tigress.official@gmail.com,0,0,,She has a number of strong releases/collabs under her belt already with big Producer/DJs,,7,completed,2023-11-21 15:19:17,,2023-11-21 15:20:43,9d7550f5d9,
mfncwkqoc19l9nukg6xpqmfncwk8oxiq,dan@evolvedmusicgroup.com,Kirsty Hawkshaw,Top Line Facilitation,UK,Singer/Songwriter,,,,,,info@kirstyhawkshaw.com,1,0,,She has worked with some pretty big A-List Electronic Producer/DJ's already throughout her career.,,7,completed,2023-11-21 15:16:31,,2023-11-21 15:18:43,9d7550f5d9,
3tif55pp7o0k7fhsx23tif5ox0gkys8n,sebastiancg2743@gmail.com,Sebastian Green,Top Line Facilitation,United Kingdom: England,Singer/Songwriter,,,,,,sebastiancg2743@gmail.com,0,0,,"Multi-instrumental, wide range of genres, bilingual and mixes and produce their own music.",https://instagram.com/sebastiang01234?igshid=MzMyNGUyNmU2YQ%3D%3D&utm_source=qr,8,completed,2023-11-21 15:12:59,,2023-11-21 15:21:21,9e2bc9c2b8,
tmnabkrpevr5d76d62ntmn0exj8aq5ki,dan@evolvedmusicgroup.com,Camille Ruz,Top Line Facilitation,UK,Singer/Songwriter,,,,,,camillelruz@gmail.com,0,0,,"She has a very commerical, quirky, but very current fresh Pop/Dance sound",,7,completed,2023-11-21 15:10:32,,2023-11-21 15:12:23,9d7550f5d9,
xjzu3ykzskpzrktgqt9xkxjzu3yyz8z3,davidmajeksjuly@gmail.com,Dswrv,Artist Development & Management,England,Singer/Songwriter,,,,,,davidmajeksjuly@gmail.com,1,0,,Dswrv is a rapper that uses his unique sound and mellow voice and also ask people give him 3 words and can make a freestyle out of it,https://open.spotify.com/track/0L7J5yh47daxWO9d4KKSqC?si=gpWJhCChSo2hVXExRj7dUw,8,completed,2023-11-21 14:58:10,,2023-11-21 15:01:20,5daa2b5276,
t9cyxgfd6fptakrpeiut9cyxl9v8kq0x,snsns@gaga.com,gaga,Sync Licensing,gaga,Record Label,,,,,,gaga@gaga.com,1,1,akajaa,he is a dwarf,https://zz.co.uk,10,completed,2023-11-21 14:27:41,,2023-11-21 14:29:54,b2f1e33d1b,
phivdg2okrolyp72z5urhphivd6phzk6,leyla.const@gmail.com,Leyla Diamondi,Sync Licensing,"London, UK",Singer/Songwriter,,,,,,leyla.const@gmail.com,0,1,Non-exclusive with XPM management and non-exclusive with SANA music group.,"Voice, songwriting versatility, heritage, work ethic.",https://open.spotify.com/artist/0Ic8NW2XnSVcTwkrM6eLyw?si=vp-8IX6PToCLEd2-lvl-8A,10,completed,2023-11-21 14:15:10,,2023-11-21 14:19:21,f214ea3ec2,
awsk4pqod9z0qsdoawskc7ozw3vryezv,rijingrace@gmail.com,Rijin Grace,Sync Licensing,India,Producer/DJ,,,,,,rijingrace@gmail.com,0,0,,Rhythm production and instrumentation,,9,completed,2023-11-21 14:11:47,,2023-11-21 14:14:14,112da987d8,
4r77vyo1ud8dhpqptncxdk4r77vp658m,lauracattin@icloud.com,Laura Gabriela,Artist Development & Management,United Kingdom,Singer/Songwriter,,,,,,lauracattin@icloud.com,0,0,,"Relatable, great singer and performer, fashion and style, versatility in music",https://www.tiktok.com/@itslauragabriela?_t=8hY16yAOzz7&_r=1,10,completed,2023-11-21 14:07:03,,2023-11-21 14:10:38,9e636475a9,
rqvp8dxzzccmtp6lrqvpmuptozhg4cyo,admin@joshtarzi.com,TARZI,Sync Licensing,England,Producer/DJ,,,,,,admin@joshtarzi.com,1,0,,"old school sound, wide mix of genres, young",,8,completed,2023-11-21 14:05:10,,2023-11-21 14:07:52,ea8141a69b,
fvyk5hdjkevowd2zfvykqapia8nus3k4,prasenjit@evolvedmusicgroup.com,Justin Carlson,,Canada,Singer/Songwriter,,,,,,Imjdmc@gmail.com,0,0,,"strong voice, good sense of musicality",https://youtu.be/zRkZLRI0Fmk?si=AI-z4hT7r3KD4l3x,7,completed,2023-11-15 06:45:19,,2023-11-15 06:59:14,b31cc59be9,
2n3lfpqhumd20mne2nof3yde08vbpjll,prasenjit@evolvedmusicgroup.com,Das Record,,Canada,Producer/DJ,,,,,,prasun.das.89@gmail.com,1,0,,"experienced live performer, coder",,7,completed,2023-05-04 18:12:24,,2023-05-04 18:16:55,b31cc59be9,
